pk_report_stock_balance,sort_key_report_stock_balance,c_des1,c_des2,diff_day,docno,first_recdate,GSI_ItemDate_Doc,GSI_PreEvent2,GSI_Wh_Prein_Item_Date_Doc,GSI_Whcode,itemcode,itemno,maincode,pre_event2,qtybal,qtyin,qtyout,seriesno,unitname,whcode
MG5#2021004#I-2021004-00067#39#1#P2000100100000,MG5#2021004#I-2021004-00067#39#1#P2000100100000,ดินถม,,617,I-2021004-00067,2024-01-16,P2000100100000#2024-01-16#I-2021004-00067#39#1,2021004,2021004#P2000100100000#2024-01-16#I-2021004-00067#39#1,001,P2000100100000,39,MG5,2021004,1,1,0,1,ลบ.ม.,001
MG5#2021004#I-2021004-00135#1563#1#P3050101200113,MG5#2021004#I-2021004-00135#1563#1#P3050101200113,ปูนกาว TTB,(25 กก./ถุง),383,I-2021004-00135,2024-09-06,P3050101200113#2024-09-06#I-2021004-00135#1563#1,2021004,2021004#P3050101200113#2024-09-06#I-2021004-00135#1563#1,001,P3050101200113,1563,MG5,2021004,1,1,0,1,ถุง,001
MG5#2021004#I-2021004-00135#106#1#P2000100400100,MG5#2021004#I-2021004-00135#106#1#P2000100400100,หิน,เบอร์ 1,383,I-2021004-00135,2024-09-06,P2000100400100#2024-09-06#I-2021004-00135#106#1,2021004,2021004#P2000100400100#2024-09-06#I-2021004-00135#106#1,001,P2000100400100,106,MG5,2021004,1,1,0,1,ลบ.ม.,001
MG5#2021004#I-2021004-00126#31#1#P2000101800100,MG5#2021004#I-2021004-00126#31#1#P2000101800100,ดินเหนียว,เนื้อละเอียด,405,I-2021004-00126,2024-08-15,P2000101800100#2024-08-15#I-2021004-00126#31#1,2021004,2021004#P2000101800100#2024-08-15#I-2021004-00126#31#1,001,P2000101800100,31,MG5,2021004,1,1,0,1,ลบ.ม.,001
MG5#2021004#I-2021004-00135#1023#1#P2400101300500,MG5#2021004#I-2021004-00135#1023#1#P2400101300500,น้ำยาล้าง,น้ำยาล้างรถ,383,I-2021004-00135,2024-09-06,P2400101300500#2024-09-06#I-2021004-00135#1023#1,2021004,2021004#P2400101300500#2024-09-06#I-2021004-00135#1023#1,001,P2400101300500,1023,MG5,2021004,1,1,0,1,แกลลอน,001
MG5#2021001#I-2021001-00012#4#1#P2000101300000,MG5#2021001#I-2021001-00012#4#1#P2000101300000,ทรายหยาบ,,790,I-2021001-00012,2023-07-27,P2000101300000#2023-07-27#I-2021001-00012#4#1,2021001,2021001#P2000101300000#2023-07-27#I-2021001-00012#4#1,W001,P2000101300000,4,MG5,2021001,1,1,0,1,ลบ.ม.,W001
MG5#2021004#I-2021004-00135#1358#1#P1050100200500,MG5#2021004#I-2021004-00135#1358#1#P1050100200500,เหล็กข้ออ้อย,SD 40 DB16mm. ยาว 10.00 m.,383,I-2021004-00135,2024-09-06,P1050100200500#2024-09-06#I-2021004-00135#1358#1,2021004,2021004#P1050100200500#2024-09-06#I-2021004-00135#1358#1,001,P1050100200500,1358,MG5,2021004,1,1,0,1,เส้น,001
MG5#2021006#I-2021006-00003#12#1#P2000101300000,MG5#2021006#I-2021006-00003#12#1#P2000101300000,ทรายหยาบ,,1400,I-2021006-00003,2021-11-24,P2000101300000#2021-11-24#I-2021006-00003#12#1,2021006,2021006#P2000101300000#2021-11-24#I-2021006-00003#12#1,W1,P2000101300000,12,MG5,2021006,1,1,0,1,ลบ.ม.,W1
MG5#2021004#I-2021004-00135#946#1#P1100101101800,MG5#2021004#I-2021004-00135#946#1#P1100101101800,เหล็กแผ่นลาย,4'x8'x3.2mm.,383,I-2021004-00135,2024-09-06,P1100101101800#2024-09-06#I-2021004-00135#946#1,2021004,2021004#P1100101101800#2024-09-06#I-2021004-00135#946#1,001,P1100101101800,946,MG5,2021004,1,1,0,1,แผ่น12345,001
MG5#2021004#I-2021004-00135#422#1#P3050101300119,MG5#2021004#I-2021004-00135#422#1#P3050101300119,ปูนยาแนว PO-157,(1 กก./ถุง),383,I-2021004-00135,2024-09-06,P3050101300119#2024-09-06#I-2021004-00135#422#1,2021004,2021004#P3050101300119#2024-09-06#I-2021004-00135#422#1,001,P3050101300119,422,MG5,2021004,1,1,0,1,ถุง,001
MG5#2021004#I-2021004-00135#2151#1#P2400104304400,MG5#2021004#I-2021004-00135#2151#1#P2400104304400,อุปกรณ์ความปลอดภัยส่วนบุคคล,หมวกเซฟตี้ สีแดง,383,I-2021004-00135,2024-09-06,P2400104304400#2024-09-06#I-2021004-00135#2151#1,2021004,2021004#P2400104304400#2024-09-06#I-2021004-00135#2151#1,001,P2400104304400,2151,MG5,2021004,1,1,0,1,ใบ,001
MG5#2021004#I-2021004-00126#148#1#P2000101800100,MG5#2021004#I-2021004-00126#148#1#P2000101800100,ดินเหนียว,เนื้อละเอียด,405,I-2021004-00126,2024-08-15,P2000101800100#2024-08-15#I-2021004-00126#148#1,2021004,2021004#P2000101800100#2024-08-15#I-2021004-00126#148#1,001,P2000101800100,148,MG5,2021004,1,1,0,1,ลบ.ม.,001
MG5#2021004#I-2021004-00135#1861#1#P2400102800900,MG5#2021004#I-2021004-00135#1861#1#P2400102800900,ดอกสกัด/อุปกรณ์ดอกสกัด,ดอกสกัดไฟฟ้า HM-1500,383,I-2021004-00135,2024-09-06,P2400102800900#2024-09-06#I-2021004-00135#1861#1,2021004,2021004#P2400102800900#2024-09-06#I-2021004-00135#1861#1,001,P2400102800900,1861,MG5,2021004,1,1,0,1,ดอก,001
MG5#2021004#I-2021004-00126#229#1#P2000101800100,MG5#2021004#I-2021004-00126#229#1#P2000101800100,ดินเหนียว,เนื้อละเอียด,405,I-2021004-00126,2024-08-15,P2000101800100#2024-08-15#I-2021004-00126#229#1,2021004,2021004#P2000101800100#2024-08-15#I-2021004-00126#229#1,001,P2000101800100,229,MG5,2021004,1,1,0,1,ลบ.ม.,001
MG5#2021004#I-2021004-00135#1797#1#P2400102800900,MG5#2021004#I-2021004-00135#1797#1#P2400102800900,ดอกสกัด/อุปกรณ์ดอกสกัด,ดอกสกัดไฟฟ้า HM-1500,383,I-2021004-00135,2024-09-06,P2400102800900#2024-09-06#I-2021004-00135#1797#1,2021004,2021004#P2400102800900#2024-09-06#I-2021004-00135#1797#1,001,P2400102800900,1797,MG5,2021004,1,1,0,1,ดอก,001
MG5#2021004#I-2021004-00126#23#1#P2000101800100,MG5#2021004#I-2021004-00126#23#1#P2000101800100,ดินเหนียว,เนื้อละเอียด,405,I-2021004-00126,2024-08-15,P2000101800100#2024-08-15#I-2021004-00126#23#1,2021004,2021004#P2000101800100#2024-08-15#I-2021004-00126#23#1,001,P2000101800100,23,MG5,2021004,1,1,0,1,ลบ.ม.,001
MG5#2021004#I-2021004-00135#1900#1#P4050101200800,MG5#2021004#I-2021004-00135#1900#1#P4050101200800,ท่อใยหิน,ขนาด 90x50 ซม.,383,I-2021004-00135,2024-09-06,P4050101200800#2024-09-06#I-2021004-00135#1900#1,2021004,2021004#P4050101200800#2024-09-06#I-2021004-00135#1900#1,001,P4050101200800,1900,MG5,2021004,1,1,0,1,ท่อน,001
MG5#2021001#I-2021001-00006#23#1#P2000101300000,MG5#2021001#I-2021001-00006#23#1#P2000101300000,ทรายหยาบ,,1566,I-2021001-00006,2021-06-11,P2000101300000#2021-06-11#I-2021001-00006#23#1,2021001,2021001#P2000101300000#2021-06-11#I-2021001-00006#23#1,W001,P2000101300000,23,MG5,2021001,1,1,0,1,ลบ.ม.,W001
MG5#2021004#I-2021004-00135#1430#1#P1050100200500,MG5#2021004#I-2021004-00135#1430#1#P1050100200500,เหล็กข้ออ้อย,SD 40 DB16mm. ยาว 10.00 m.,383,I-2021004-00135,2024-09-06,P1050100200500#2024-09-06#I-2021004-00135#1430#1,2021004,2021004#P1050100200500#2024-09-06#I-2021004-00135#1430#1,001,P1050100200500,1430,MG5,2021004,1,1,0,1,เส้น,001
MG5#2021004#I-2021004-00135#285#1#P3600100700108,MG5#2021004#I-2021004-00135#285#1#P3600100700108,สีกันไฟ,S99 (23.70 ลิตร/ถัง),383,I-2021004-00135,2024-09-06,P3600100700108#2024-09-06#I-2021004-00135#285#1,2021004,2021004#P3600100700108#2024-09-06#I-2021004-00135#285#1,001,P3600100700108,285,MG5,2021004,1,1,0,1,ถัง,001
MG5#2021004#I-2021004-00135#1375#1#P1050100200500,MG5#2021004#I-2021004-00135#1375#1#P1050100200500,เหล็กข้ออ้อย,SD 40 DB16mm. ยาว 10.00 m.,383,I-2021004-00135,2024-09-06,P1050100200500#2024-09-06#I-2021004-00135#1375#1,2021004,2021004#P1050100200500#2024-09-06#I-2021004-00135#1375#1,001,P1050100200500,1375,MG5,2021004,1,1,0,1,เส้น,001
MG3#2021001#I-2021001-00049#106#1#P3801000500200,MG3#2021001#I-2021001-00049#106#1#P3801000500200,Matix กล่องลอย,AM5526S,1246,I-2021001-00049,2022-04-27,P3801000500200#2022-04-27#I-2021001-00049#106#1,2021001,2021001#P3801000500200#2022-04-27#I-2021001-00049#106#1,SITE,P3801000500200,106,MG3,2021001,1,1,0,1,ใบ,SITE
MG5#2021004#I-2021004-00135#1012#1#P2400101300500,MG5#2021004#I-2021004-00135#1012#1#P2400101300500,น้ำยาล้าง,น้ำยาล้างรถ,383,I-2021004-00135,2024-09-06,P2400101300500#2024-09-06#I-2021004-00135#1012#1,2021004,2021004#P2400101300500#2024-09-06#I-2021004-00135#1012#1,001,P2400101300500,1012,MG5,2021004,1,1,0,1,แกลลอน,001
MG1#2021093#I-2021093-00510#2#1#P2000100400300,MG1#2021093#I-2021093-00510#2#1#P2000100400300,หิน,เบอร์ 3,568,I-2021093-00510,2024-03-05,P2000100400300#2024-03-05#I-2021093-00510#2#1,2021093,2021093#P2000100400300#2024-03-05#I-2021093-00510#2#1,001,P2000100400300,2,MG1,2021093,1,1,0,1,ลบ.ม.,001
MG5#2021004#I-2021004-00067#242#1#P2000100100000,MG5#2021004#I-2021004-00067#242#1#P2000100100000,ดินถม,,617,I-2021004-00067,2024-01-16,P2000100100000#2024-01-16#I-2021004-00067#242#1,2021004,2021004#P2000100100000#2024-01-16#I-2021004-00067#242#1,001,P2000100100000,242,MG5,2021004,1,1,0,1,ลบ.ม.,001
MG5#2021004#I-2021004-00067#95#1#P2000100100000,MG5#2021004#I-2021004-00067#95#1#P2000100100000,ดินถม,,617,I-2021004-00067,2024-01-16,P2000100100000#2024-01-16#I-2021004-00067#95#1,2021004,2021004#P2000100100000#2024-01-16#I-2021004-00067#95#1,001,P2000100100000,95,MG5,2021004,1,1,0,1,ลบ.ม.,001
MG5#2021004#I-2021004-00135#303#1#P3600100700108,MG5#2021004#I-2021004-00135#303#1#P3600100700108,สีกันไฟ,S99 (23.70 ลิตร/ถัง),383,I-2021004-00135,2024-09-06,P3600100700108#2024-09-06#I-2021004-00135#303#1,2021004,2021004#P3600100700108#2024-09-06#I-2021004-00135#303#1,001,P3600100700108,303,MG5,2021004,1,1,0,1,ถัง,001
MG5#2021004#I-2021004-00135#1320#1#P1050100200500,MG5#2021004#I-2021004-00135#1320#1#P1050100200500,เหล็กข้ออ้อย,SD 40 DB16mm. ยาว 10.00 m.,383,I-2021004-00135,2024-09-06,P1050100200500#2024-09-06#I-2021004-00135#1320#1,2021004,2021004#P1050100200500#2024-09-06#I-2021004-00135#1320#1,001,P1050100200500,1320,MG5,2021004,1,1,0,1,เส้น,001
MG5#2021004#I-2021004-00135#343#1#P2400101706500,MG5#2021004#I-2021004-00135#343#1#P2400101706500,ใบตัด/ใบเจียร/ใบขัด,หินเจียร์ลูกอม ( หินแต่งพิมพ์ ) สีชมพูขนาด 1 1/4'',383,I-2021004-00135,2024-09-06,P2400101706500#2024-09-06#I-2021004-00135#343#1,2021004,2021004#P2400101706500#2024-09-06#I-2021004-00135#343#1,001,P2400101706500,343,MG5,2021004,1,1,0,1,EA,001
MG5#2021004#I-2021004-00135#237#1#P2050100200600,MG5#2021004#I-2021004-00135#237#1#P2050100200600,เสาเข็มสี่เหลี่ยม,ขนาด 0.13x0.13 ม.ยาว 7 เมตร,383,I-2021004-00135,2024-09-06,P2050100200600#2024-09-06#I-2021004-00135#237#1,2021004,2021004#P2050100200600#2024-09-06#I-2021004-00135#237#1,001,P2050100200600,237,MG5,2021004,1,1,0,1,ต้น,001
MG5#2021004#I-2021004-00135#936#1#P1100101101800,MG5#2021004#I-2021004-00135#936#1#P1100101101800,เหล็กแผ่นลาย,4'x8'x3.2mm.,383,I-2021004-00135,2024-09-06,P1100101101800#2024-09-06#I-2021004-00135#936#1,2021004,2021004#P1100101101800#2024-09-06#I-2021004-00135#936#1,001,P1100101101800,936,MG5,2021004,1,1,0,1,แผ่น12345,001
MG5#2021004#I-2021004-00135#957#1#P1100101101800,MG5#2021004#I-2021004-00135#957#1#P1100101101800,เหล็กแผ่นลาย,4'x8'x3.2mm.,383,I-2021004-00135,2024-09-06,P1100101101800#2024-09-06#I-2021004-00135#957#1,2021004,2021004#P1100101101800#2024-09-06#I-2021004-00135#957#1,001,P1100101101800,957,MG5,2021004,1,1,0,1,แผ่น12345,001
MG5#2021004#I-2021004-00135#1571#1#P3050101200113,MG5#2021004#I-2021004-00135#1571#1#P3050101200113,ปูนกาว TTB,(25 กก./ถุง),383,I-2021004-00135,2024-09-06,P3050101200113#2024-09-06#I-2021004-00135#1571#1,2021004,2021004#P3050101200113#2024-09-06#I-2021004-00135#1571#1,001,P3050101200113,1571,MG5,2021004,1,1,0,1,ถุง,001
MG5#2021001#I-2021001-00010#1#1#P3450100100000,MG5#2021001#I-2021001-00010#1#1#P3450100100000,บานประตูไม้สัก,,1217,I-2021001-00010,2022-05-26,P3450100100000#2022-05-26#I-2021001-00010#1#1,2021001,2021001#P3450100100000#2022-05-26#I-2021001-00010#1#1,W001,P3450100100000,1,MG5,2021001,1,1,0,1,บาน,W001
MG3#2021001#I-2021001-00022#57#1#P3801000100300,MG3#2021001#I-2021001-00022#57#1#P3801000100300,Matix สวิตช์,แผ่นปิด 2 ช่องร้อยสาย AM500P/2,1694,I-2021001-00022,2021-02-03,P3801000100300#2021-02-03#I-2021001-00022#57#1,2021001,2021001#P3801000100300#2021-02-03#I-2021001-00022#57#1,SITE,P3801000100300,57,MG3,2021001,1,1,0,1,ชิ้น,SITE
MG5#2021004#I-2021004-00135#1445#1#P1050100200500,MG5#2021004#I-2021004-00135#1445#1#P1050100200500,เหล็กข้ออ้อย,SD 40 DB16mm. ยาว 10.00 m.,383,I-2021004-00135,2024-09-06,P1050100200500#2024-09-06#I-2021004-00135#1445#1,2021004,2021004#P1050100200500#2024-09-06#I-2021004-00135#1445#1,001,P1050100200500,1445,MG5,2021004,1,1,0,1,เส้น,001
MG5#2021004#I-2021004-00135#533#1#P3050101300109,MG5#2021004#I-2021004-00135#533#1#P3050101300109,ปูนยาแนว PO-157,(1 กก./ถุง),383,I-2021004-00135,2024-09-06,P3050101300109#2024-09-06#I-2021004-00135#533#1,2021004,2021004#P3050101300109#2024-09-06#I-2021004-00135#533#1,001,P3050101300109,533,MG5,2021004,1,1,0,1,ถุง,001
MG5#2021006#I-2021006-00015#56#1#P2000101300000,MG5#2021006#I-2021006-00015#56#1#P2000101300000,ทรายหยาบ,,725,I-2021006-00015,2023-09-30,P2000101300000#2023-09-30#I-2021006-00015#56#1,2021006,2021006#P2000101300000#2023-09-30#I-2021006-00015#56#1,W1,P2000101300000,56,MG5,2021006,1,1,0,1,ลบ.ม.,W1
MG5#2021004#I-2021004-00135#874#1#P3000100500500,MG5#2021004#I-2021004-00135#874#1#P3000100500500,บล็อคแก้ว,ขนาด 0.20x0.60 m.หนา 10 cm.,383,I-2021004-00135,2024-09-06,P3000100500500#2024-09-06#I-2021004-00135#874#1,2021004,2021004#P3000100500500#2024-09-06#I-2021004-00135#874#1,001,P3000100500500,874,MG5,2021004,1,1,0,1,ก้อน,001
MG3#2021001#I-2021001-00022#23#1#P3801000100100,MG3#2021001#I-2021001-00022#23#1#P3801000100100,Matix สวิตช์,แผ่นปิด 1 ช่อง AM5000,1694,I-2021001-00022,2021-02-03,P3801000100100#2021-02-03#I-2021001-00022#23#1,2021001,2021001#P3801000100100#2021-02-03#I-2021001-00022#23#1,SITE,P3801000100100,23,MG3,2021001,1,1,0,1,ชิ้น,SITE
MG5#2021004#I-2021004-00135#1849#1#P2400102800900,MG5#2021004#I-2021004-00135#1849#1#P2400102800900,ดอกสกัด/อุปกรณ์ดอกสกัด,ดอกสกัดไฟฟ้า HM-1500,383,I-2021004-00135,2024-09-06,P2400102800900#2024-09-06#I-2021004-00135#1849#1,2021004,2021004#P2400102800900#2024-09-06#I-2021004-00135#1849#1,001,P2400102800900,1849,MG5,2021004,1,1,0,1,ดอก,001
MG5#2021004#I-2021004-00135#1597#1#P3050101200113,MG5#2021004#I-2021004-00135#1597#1#P3050101200113,ปูนกาว TTB,(25 กก./ถุง),383,I-2021004-00135,2024-09-06,P3050101200113#2024-09-06#I-2021004-00135#1597#1,2021004,2021004#P3050101200113#2024-09-06#I-2021004-00135#1597#1,001,P3050101200113,1597,MG5,2021004,1,1,0,1,ถุง,001
MG5#2021004#I-2021004-00135#151#1#P2400100602700,MG5#2021004#I-2021004-00135#151#1#P2400100602700,เกียง/สามเหลี่ยมปาดปูน,กะบะฉาบปูน,383,I-2021004-00135,2024-09-06,P2400100602700#2024-09-06#I-2021004-00135#151#1,2021004,2021004#P2400100602700#2024-09-06#I-2021004-00135#151#1,001,P2400100602700,151,MG5,2021004,1,1,0,1,อัน,001
MG1#2019001#T-2019001-00003#1#1#P1100100103000,MG1#2019001#T-2019001-00003#1#1#P1100100103000,เหล็กท่อดำ,27.2x5.0 mm.,1105,T-2019001-00003,2022-09-15,P1100100103000#2022-09-15#T-2019001-00003#1#1,2019001,2019001#P1100100103000#2022-09-15#T-2019001-00003#1#1,MG001,P1100100103000,1,MG1,2019001,1,1,0,1,เส้น,MG001
MG1#2021064#I-2021064-00123#6#1#A1050100100000,MG1#2021064#I-2021064-00123#6#1#A1050100100000,กล้องประมวลผล ( Total Station ),,106,I-2021064-00123,2025-06-10,A1050100100000#2025-06-10#I-2021064-00123#6#1,2021064,2021064#A1050100100000#2025-06-10#I-2021064-00123#6#1,002,A1050100100000,6,MG1,2021064,1,1,0,1,ดอก,002
MG5#2021004#I-2021004-00135#1912#1#P4050101200800,MG5#2021004#I-2021004-00135#1912#1#P4050101200800,ท่อใยหิน,ขนาด 90x50 ซม.,383,I-2021004-00135,2024-09-06,P4050101200800#2024-09-06#I-2021004-00135#1912#1,2021004,2021004#P4050101200800#2024-09-06#I-2021004-00135#1912#1,001,P4050101200800,1912,MG5,2021004,1,1,0,1,ท่อน,001
MG1#2021125#T-2021031-00001#1#1#P1100100901300,MG1#2021125#T-2021031-00001#1#1#P1100100901300,เหล็ก Flat Bar,38x3 mm.6m. /เส้น,1101,T-2021031-00001,2022-09-19,P1100100901300#2022-09-19#T-2021031-00001#1#1,2021125,2021125#P1100100901300#2022-09-19#T-2021031-00001#1#1,001,P1100100901300,1,MG1,2021125,1,1,0,1,เส้น,001
MG3#2021001#I-2021001-00050#4#1#P3801000500100,MG3#2021001#I-2021001-00050#4#1#P3801000500100,Matix กล่องลอย,AM5503S,1035,I-2021001-00050,2022-11-24,P3801000500100#2022-11-24#I-2021001-00050#4#1,2021001,2021001#P3801000500100#2022-11-24#I-2021001-00050#4#1,SITE,P3801000500100,4,MG3,2021001,1,1,0,1,ใบ,SITE
MG5#2021004#I-2021004-00135#910#1#P1100101101800,MG5#2021004#I-2021004-00135#910#1#P1100101101800,เหล็กแผ่นลาย,4'x8'x3.2mm.,383,I-2021004-00135,2024-09-06,P1100101101800#2024-09-06#I-2021004-00135#910#1,2021004,2021004#P1100101101800#2024-09-06#I-2021004-00135#910#1,001,P1100101101800,910,MG5,2021004,1,1,0,1,แผ่น12345,001
MG5#2021004#I-2021004-00135#2008#1#P2400102401500,MG5#2021004#I-2021004-00135#2008#1#P2400102401500,กระดาษทราย,กระดาษทรายน้ำ #320,383,I-2021004-00135,2024-09-06,P2400102401500#2024-09-06#I-2021004-00135#2008#1,2021004,2021004#P2400102401500#2024-09-06#I-2021004-00135#2008#1,001,P2400102401500,2008,MG5,2021004,1,1,0,1,แผ่น12345,001
MG5#2021004#I-2021004-00135#1870#1#P2400102800900,MG5#2021004#I-2021004-00135#1870#1#P2400102800900,ดอกสกัด/อุปกรณ์ดอกสกัด,ดอกสกัดไฟฟ้า HM-1500,383,I-2021004-00135,2024-09-06,P2400102800900#2024-09-06#I-2021004-00135#1870#1,2021004,2021004#P2400102800900#2024-09-06#I-2021004-00135#1870#1,001,P2400102800900,1870,MG5,2021004,1,1,0,1,ดอก,001
MG5#2021004#I-2021004-00067#59#1#P2000100100000,MG5#2021004#I-2021004-00067#59#1#P2000100100000,ดินถม,,617,I-2021004-00067,2024-01-16,P2000100100000#2024-01-16#I-2021004-00067#59#1,2021004,2021004#P2000100100000#2024-01-16#I-2021004-00067#59#1,001,P2000100100000,59,MG5,2021004,1,1,0,1,ลบ.ม.,001
MG5#2021004#I-2021004-00135#2367#1#P4050101000200,MG5#2021004#I-2021004-00135#2367#1#P4050101000200,ฝาแมนโฮลและเฟรม,SS-2 650 มม. ติดยาง,383,I-2021004-00135,2024-09-06,P4050101000200#2024-09-06#I-2021004-00135#2367#1,2021004,2021004#P4050101000200#2024-09-06#I-2021004-00135#2367#1,001,P4050101000200,2367,MG5,2021004,1,1,0,1,ชุด/set,001
MG5#2021004#I-2021004-00135#961#1#P2400101901600,MG5#2021004#I-2021004-00135#961#1#P2400101901600,ลวดเชื่อม/สายเชื่อม/หัวเชื่อม,สายเชื่อม 30 Sq.mm.,383,I-2021004-00135,2024-09-06,P2400101901600#2024-09-06#I-2021004-00135#961#1,2021004,2021004#P2400101901600#2024-09-06#I-2021004-00135#961#1,001,P2400101901600,961,MG5,2021004,1,1,0,1,เมตร,001
MG5#2021004#I-2021004-00135#1406#1#P1050100200500,MG5#2021004#I-2021004-00135#1406#1#P1050100200500,เหล็กข้ออ้อย,SD 40 DB16mm. ยาว 10.00 m.,383,I-2021004-00135,2024-09-06,P1050100200500#2024-09-06#I-2021004-00135#1406#1,2021004,2021004#P1050100200500#2024-09-06#I-2021004-00135#1406#1,001,P1050100200500,1406,MG5,2021004,1,1,0,1,เส้น,001
MG3#2021001#I-2021001-00022#18#1#P3801000100100,MG3#2021001#I-2021001-00022#18#1#P3801000100100,Matix สวิตช์,แผ่นปิด 1 ช่อง AM5000,1694,I-2021001-00022,2021-02-03,P3801000100100#2021-02-03#I-2021001-00022#18#1,2021001,2021001#P3801000100100#2021-02-03#I-2021001-00022#18#1,SITE,P3801000100100,18,MG3,2021001,1,1,0,1,ชิ้น,SITE
MG5#2021004#I-2021004-00135#575#1#P3050101300109,MG5#2021004#I-2021004-00135#575#1#P3050101300109,ปูนยาแนว PO-157,(1 กก./ถุง),383,I-2021004-00135,2024-09-06,P3050101300109#2024-09-06#I-2021004-00135#575#1,2021004,2021004#P3050101300109#2024-09-06#I-2021004-00135#575#1,001,P3050101300109,575,MG5,2021004,1,1,0,1,ถุง,001
MG5#2021001#I-2021001-00024#2#1#PS030010100101,MG5#2021001#I-2021001-00024#2#1#PS030010100101,วัสดุรายการที่ 1,SN = Y,602,I-2021001-00024,2024-01-31,PS030010100101#2024-01-31#I-2021001-00024#2#1,2021001,2021001#PS030010100101#2024-01-31#I-2021001-00024#2#1,W001,PS030010100101,2,MG5,2021001,1,1,0,1,ชิ้น,W001
MG5#2021004#I-2021004-00135#2004#1#P2400102401500,MG5#2021004#I-2021004-00135#2004#1#P2400102401500,กระดาษทราย,กระดาษทรายน้ำ #320,383,I-2021004-00135,2024-09-06,P2400102401500#2024-09-06#I-2021004-00135#2004#1,2021004,2021004#P2400102401500#2024-09-06#I-2021004-00135#2004#1,001,P2400102401500,2004,MG5,2021004,1,1,0,1,แผ่น12345,001
MG5#2021004#I-2021004-00135#1367#1#P1050100200500,MG5#2021004#I-2021004-00135#1367#1#P1050100200500,เหล็กข้ออ้อย,SD 40 DB16mm. ยาว 10.00 m.,383,I-2021004-00135,2024-09-06,P1050100200500#2024-09-06#I-2021004-00135#1367#1,2021004,2021004#P1050100200500#2024-09-06#I-2021004-00135#1367#1,001,P1050100200500,1367,MG5,2021004,1,1,0,1,เส้น,001
MG1#2021031#I-2021031-00003#31#1#B1000104700000,MG1#2021031#I-2021031-00003#31#1#B1000104700000,ตะกร้าเอกสาร,,1118,I-2021031-00003,2022-09-02,B1000104700000#2022-09-02#I-2021031-00003#31#1,2021031,2021031#B1000104700000#2022-09-02#I-2021031-00003#31#1,001,B1000104700000,31,MG1,2021031,1,1,0,1,อัน,001
MG1#2021166#T-2021093-00107#1#1#PB102700101500,MG1#2021166#T-2021093-00107#1#1#PB102700101500,สีสเปรย์,สีดำ,568,T-2021093-00107,2024-03-05,PB102700101500#2024-03-05#T-2021093-00107#1#1,2021166,2021166#PB102700101500#2024-03-05#T-2021093-00107#1#1,0001,PB102700101500,1,MG1,2021166,1,1,0,1,กระป๋อง,0001
MG5#2021004#I-2021004-00135#1412#1#P1050100200500,MG5#2021004#I-2021004-00135#1412#1#P1050100200500,เหล็กข้ออ้อย,SD 40 DB16mm. ยาว 10.00 m.,383,I-2021004-00135,2024-09-06,P1050100200500#2024-09-06#I-2021004-00135#1412#1,2021004,2021004#P1050100200500#2024-09-06#I-2021004-00135#1412#1,001,P1050100200500,1412,MG5,2021004,1,1,0,1,เส้น,001
MG5#2021004#I-2021004-00135#1858#1#P2400102800900,MG5#2021004#I-2021004-00135#1858#1#P2400102800900,ดอกสกัด/อุปกรณ์ดอกสกัด,ดอกสกัดไฟฟ้า HM-1500,383,I-2021004-00135,2024-09-06,P2400102800900#2024-09-06#I-2021004-00135#1858#1,2021004,2021004#P2400102800900#2024-09-06#I-2021004-00135#1858#1,001,P2400102800900,1858,MG5,2021004,1,1,0,1,ดอก,001
MG1#2021007#T-2021007-00001#1#1#P3100100100200,MG1#2021007#T-2021007-00001#1#1#P3100100100200,กระเบื้องแกรนิตโต้,ขนาด 30x60 ซม.,1691,T-2021007-00001,2021-02-06,P3100100100200#2021-02-06#T-2021007-00001#1#1,2021007,2021007#P3100100100200#2021-02-06#T-2021007-00001#1#1,001,P3100100100200,1,MG1,2021007,1,1,0,1,กล่อง,001
MG5#2021004#I-2021004-00135#325#1#P3600100700108,MG5#2021004#I-2021004-00135#325#1#P3600100700108,สีกันไฟ,S99 (23.70 ลิตร/ถัง),383,I-2021004-00135,2024-09-06,P3600100700108#2024-09-06#I-2021004-00135#325#1,2021004,2021004#P3600100700108#2024-09-06#I-2021004-00135#325#1,001,P3600100700108,325,MG5,2021004,1,1,0,1,ถัง,001
MG5#2021004#I-2021004-00111#2#1#P2000100700000,MG5#2021004#I-2021004-00111#2#1#P2000100700000,หินคลุก,,931,I-2021004-00111,2023-03-08,P2000100700000#2023-03-08#I-2021004-00111#2#1,2021004,2021004#P2000100700000#2023-03-08#I-2021004-00111#2#1,002,P2000100700000,2,MG5,2021004,1,1,0,1,ลบ.ม.,002
MG5#2021004#I-2021004-00135#1598#1#P3050101200113,MG5#2021004#I-2021004-00135#1598#1#P3050101200113,ปูนกาว TTB,(25 กก./ถุง),383,I-2021004-00135,2024-09-06,P3050101200113#2024-09-06#I-2021004-00135#1598#1,2021004,2021004#P3050101200113#2024-09-06#I-2021004-00135#1598#1,001,P3050101200113,1598,MG5,2021004,1,1,0,1,ถุง,001
MG3#2021001#I-2021001-00043#1#1#P3801000400100,MG3#2021001#I-2021001-00043#1#1#P3801000400100,Matix ฝาครอบ,ไม่มีช่องขาว AM5500,1631,I-2021001-00043,2021-04-07,P3801000400100#2021-04-07#I-2021001-00043#1#1,2021001,2021001#P3801000400100#2021-04-07#I-2021001-00043#1#1,STORE SITE,P3801000400100,1,MG3,2021001,1,1,0,1,อัน,STORE SITE
MG5#2021001#I-2021001-00012#6#1#P2000101300000,MG5#2021001#I-2021001-00012#6#1#P2000101300000,ทรายหยาบ,,790,I-2021001-00012,2023-07-27,P2000101300000#2023-07-27#I-2021001-00012#6#1,2021001,2021001#P2000101300000#2023-07-27#I-2021001-00012#6#1,W001,P2000101300000,6,MG5,2021001,1,1,0,1,ลบ.ม.,W001
MG3#2021001#I-2021001-00049#71#1#P3801000500200,MG3#2021001#I-2021001-00049#71#1#P3801000500200,Matix กล่องลอย,AM5526S,1246,I-2021001-00049,2022-04-27,P3801000500200#2022-04-27#I-2021001-00049#71#1,2021001,2021001#P3801000500200#2022-04-27#I-2021001-00049#71#1,SITE,P3801000500200,71,MG3,2021001,1,1,0,1,ใบ,SITE
MG5#2021001#I-2021001-00006#19#1#P2000100400100,MG5#2021001#I-2021001-00006#19#1#P2000100400100,หิน,เบอร์ 1,1566,I-2021001-00006,2021-06-11,P2000100400100#2021-06-11#I-2021001-00006#19#1,2021001,2021001#P2000100400100#2021-06-11#I-2021001-00006#19#1,W002,P2000100400100,19,MG5,2021001,1,1,0,1,ลบ.ม.,W002
MG5#2021004#I-2021004-00135#2107#1#P2400104304400,MG5#2021004#I-2021004-00135#2107#1#P2400104304400,อุปกรณ์ความปลอดภัยส่วนบุคคล,หมวกเซฟตี้ สีแดง,383,I-2021004-00135,2024-09-06,P2400104304400#2024-09-06#I-2021004-00135#2107#1,2021004,2021004#P2400104304400#2024-09-06#I-2021004-00135#2107#1,001,P2400104304400,2107,MG5,2021004,1,1,0,1,ใบ,001
MG3#2021001#I-2021001-00034#1#1#P3801000300100,MG3#2021001#I-2021001-00034#1#1#P3801000300100,Matix ไฟสัญญาณ,สีส้มและใส AM5062B,1693,I-2021001-00034,2021-02-04,P3801000300100#2021-02-04#I-2021001-00034#1#1,2021001,2021001#P3801000300100#2021-02-04#I-2021001-00034#1#1,SITE,P3801000300100,1,MG3,2021001,1,1,0,1,ตัว,SITE
MG3#2022001#I-2022001-00001#2#1#P3801000100300,MG3#2022001#I-2022001-00001#2#1#P3801000100300,Matix สวิตช์,แผ่นปิด 2 ช่องร้อยสาย AM500P/2,1036,I-2022001-00001,2022-11-23,P3801000100300#2022-11-23#I-2022001-00001#2#1,2022001,2022001#P3801000100300#2022-11-23#I-2022001-00001#2#1,001,P3801000100300,2,MG3,2022001,1,1,0,1,ชิ้น,001
MG5#2021004#I-2021004-00135#1699#1#P3050101200113,MG5#2021004#I-2021004-00135#1699#1#P3050101200113,ปูนกาว TTB,(25 กก./ถุง),383,I-2021004-00135,2024-09-06,P3050101200113#2024-09-06#I-2021004-00135#1699#1,2021004,2021004#P3050101200113#2024-09-06#I-2021004-00135#1699#1,001,P3050101200113,1699,MG5,2021004,1,1,0,1,ถุง,001
MG5#2021004#I-2021004-00135#1455#1#P1050100200500,MG5#2021004#I-2021004-00135#1455#1#P1050100200500,เหล็กข้ออ้อย,SD 40 DB16mm. ยาว 10.00 m.,383,I-2021004-00135,2024-09-06,P1050100200500#2024-09-06#I-2021004-00135#1455#1,2021004,2021004#P1050100200500#2024-09-06#I-2021004-00135#1455#1,001,P1050100200500,1455,MG5,2021004,1,1,0,1,เส้น,001
MG1#2021033#T-2021109-00001#3#1#WORF0010200200,MG1#2021033#T-2021109-00001#3#1#WORF0010200200,ค่าแรงติดตั้ง Alum. Flashing,กว้าง 30 ซม.,692,T-2021109-00001,2023-11-02,WORF0010200200#2023-11-02#T-2021109-00001#3#1,2021033,2021033#WORF0010200200#2023-11-02#T-2021109-00001#3#1,001,WORF0010200200,3,MG1,2021033,1,1,0,1,เมตร,001
MG5#2021004#I-2021004-00069#9#1#P2000100100000,MG5#2021004#I-2021004-00069#9#1#P2000100100000,ดินถม,,617,I-2021004-00069,2024-01-16,P2000100100000#2024-01-16#I-2021004-00069#9#1,2021004,2021004#P2000100100000#2024-01-16#I-2021004-00069#9#1,001,P2000100100000,9,MG5,2021004,1,1,0,1,ลบ.ม.,001
MG5#2021004#I-2021004-00135#282#1#P3600100700108,MG5#2021004#I-2021004-00135#282#1#P3600100700108,สีกันไฟ,S99 (23.70 ลิตร/ถัง),383,I-2021004-00135,2024-09-06,P3600100700108#2024-09-06#I-2021004-00135#282#1,2021004,2021004#P3600100700108#2024-09-06#I-2021004-00135#282#1,001,P3600100700108,282,MG5,2021004,1,1,0,1,ถัง,001
MG5#2021004#I-2021004-00135#1729#1#P3050101200113,MG5#2021004#I-2021004-00135#1729#1#P3050101200113,ปูนกาว TTB,(25 กก./ถุง),383,I-2021004-00135,2024-09-06,P3050101200113#2024-09-06#I-2021004-00135#1729#1,2021004,2021004#P3050101200113#2024-09-06#I-2021004-00135#1729#1,001,P3050101200113,1729,MG5,2021004,1,1,0,1,ถุง,001
MG5#2021004#I-2021004-00135#2131#1#P2400104304400,MG5#2021004#I-2021004-00135#2131#1#P2400104304400,อุปกรณ์ความปลอดภัยส่วนบุคคล,หมวกเซฟตี้ สีแดง,383,I-2021004-00135,2024-09-06,P2400104304400#2024-09-06#I-2021004-00135#2131#1,2021004,2021004#P2400104304400#2024-09-06#I-2021004-00135#2131#1,001,P2400104304400,2131,MG5,2021004,1,1,0,1,ใบ,001
MG5#2021004#I-2021004-00135#772#1#P2400103502500,MG5#2021004#I-2021004-00135#772#1#P2400103502500,วัสดุกันซึม,อะครีลิค ซิลแลนท์ B212 (24 หลอด/ลัง),383,I-2021004-00135,2024-09-06,P2400103502500#2024-09-06#I-2021004-00135#772#1,2021004,2021004#P2400103502500#2024-09-06#I-2021004-00135#772#1,001,P2400103502500,772,MG5,2021004,1,1,0,1,หลอด,001
MG5#2021004#I-2021004-00135#411#1#P3050101300119,MG5#2021004#I-2021004-00135#411#1#P3050101300119,ปูนยาแนว PO-157,(1 กก./ถุง),383,I-2021004-00135,2024-09-06,P3050101300119#2024-09-06#I-2021004-00135#411#1,2021004,2021004#P3050101300119#2024-09-06#I-2021004-00135#411#1,001,P3050101300119,411,MG5,2021004,1,1,0,1,ถุง,001
MG5#2021004#I-2021004-00135#1275#1#P1050100200500,MG5#2021004#I-2021004-00135#1275#1#P1050100200500,เหล็กข้ออ้อย,SD 40 DB16mm. ยาว 10.00 m.,383,I-2021004-00135,2024-09-06,P1050100200500#2024-09-06#I-2021004-00135#1275#1,2021004,2021004#P1050100200500#2024-09-06#I-2021004-00135#1275#1,001,P1050100200500,1275,MG5,2021004,1,1,0,1,เส้น,001
MG5#2021004#I-2021004-00135#1931#1#P4050101200800,MG5#2021004#I-2021004-00135#1931#1#P4050101200800,ท่อใยหิน,ขนาด 90x50 ซม.,383,I-2021004-00135,2024-09-06,P4050101200800#2024-09-06#I-2021004-00135#1931#1,2021004,2021004#P4050101200800#2024-09-06#I-2021004-00135#1931#1,001,P4050101200800,1931,MG5,2021004,1,1,0,1,ท่อน,001
MG1#2021125#T-2021031-00003#2#1#A1050102200000,MG1#2021125#T-2021031-00003#2#1#A1050102200000,ตู้เชื่อม พลัง,,1118,T-2021031-00003,2022-09-02,A1050102200000#2022-09-02#T-2021031-00003#2#1,2021125,2021125#A1050102200000#2022-09-02#T-2021031-00003#2#1,001,A1050102200000,2,MG1,2021125,1,1,0,1,เครื่อง,001
MG5#2021004#I-2021004-00135#547#1#P3050101300109,MG5#2021004#I-2021004-00135#547#1#P3050101300109,ปูนยาแนว PO-157,(1 กก./ถุง),383,I-2021004-00135,2024-09-06,P3050101300109#2024-09-06#I-2021004-00135#547#1,2021004,2021004#P3050101300109#2024-09-06#I-2021004-00135#547#1,001,P3050101300109,547,MG5,2021004,1,1,0,1,ถุง,001
MG3#2021001#I-2021001-00040#6#1#P3801000100100,MG3#2021001#I-2021001-00040#6#1#P3801000100100,Matix สวิตช์,แผ่นปิด 1 ช่อง AM5000,1692,I-2021001-00040,2021-02-05,P3801000100100#2021-02-05#I-2021001-00040#6#1,2021001,2021001#P3801000100100#2021-02-05#I-2021001-00040#6#1,SITE,P3801000100100,6,MG3,2021001,1,1,0,1,ชิ้น,SITE
MG5#2021004#I-2021004-00135#1393#1#P1050100200500,MG5#2021004#I-2021004-00135#1393#1#P1050100200500,เหล็กข้ออ้อย,SD 40 DB16mm. ยาว 10.00 m.,383,I-2021004-00135,2024-09-06,P1050100200500#2024-09-06#I-2021004-00135#1393#1,2021004,2021004#P1050100200500#2024-09-06#I-2021004-00135#1393#1,001,P1050100200500,1393,MG5,2021004,1,1,0,1,เส้น,001
MG5#2021004#I-2021004-00135#1429#1#P1050100200500,MG5#2021004#I-2021004-00135#1429#1#P1050100200500,เหล็กข้ออ้อย,SD 40 DB16mm. ยาว 10.00 m.,383,I-2021004-00135,2024-09-06,P1050100200500#2024-09-06#I-2021004-00135#1429#1,2021004,2021004#P1050100200500#2024-09-06#I-2021004-00135#1429#1,001,P1050100200500,1429,MG5,2021004,1,1,0,1,เส้น,001
MG5#2021004#I-2021004-00126#136#1#P2000101800100,MG5#2021004#I-2021004-00126#136#1#P2000101800100,ดินเหนียว,เนื้อละเอียด,405,I-2021004-00126,2024-08-15,P2000101800100#2024-08-15#I-2021004-00126#136#1,2021004,2021004#P2000101800100#2024-08-15#I-2021004-00126#136#1,001,P2000101800100,136,MG5,2021004,1,1,0,1,ลบ.ม.,001
MG5#2021004#I-2021004-00067#153#1#P2000100100000,MG5#2021004#I-2021004-00067#153#1#P2000100100000,ดินถม,,617,I-2021004-00067,2024-01-16,P2000100100000#2024-01-16#I-2021004-00067#153#1,2021004,2021004#P2000100100000#2024-01-16#I-2021004-00067#153#1,001,P2000100100000,153,MG5,2021004,1,1,0,1,ลบ.ม.,001
MG5#2021004#I-2021004-00135#1356#1#P1050100200500,MG5#2021004#I-2021004-00135#1356#1#P1050100200500,เหล็กข้ออ้อย,SD 40 DB16mm. ยาว 10.00 m.,383,I-2021004-00135,2024-09-06,P1050100200500#2024-09-06#I-2021004-00135#1356#1,2021004,2021004#P1050100200500#2024-09-06#I-2021004-00135#1356#1,001,P1050100200500,1356,MG5,2021004,1,1,0,1,เส้น,001
MG5#2021004#I-2021004-00135#873#1#P3000100500500,MG5#2021004#I-2021004-00135#873#1#P3000100500500,บล็อคแก้ว,ขนาด 0.20x0.60 m.หนา 10 cm.,383,I-2021004-00135,2024-09-06,P3000100500500#2024-09-06#I-2021004-00135#873#1,2021004,2021004#P3000100500500#2024-09-06#I-2021004-00135#873#1,001,P3000100500500,873,MG5,2021004,1,1,0,1,ก้อน,001
MG5#2021004#I-2021004-00126#49#1#P2000101800100,MG5#2021004#I-2021004-00126#49#1#P2000101800100,ดินเหนียว,เนื้อละเอียด,405,I-2021004-00126,2024-08-15,P2000101800100#2024-08-15#I-2021004-00126#49#1,2021004,2021004#P2000101800100#2024-08-15#I-2021004-00126#49#1,001,P2000101800100,49,MG5,2021004,1,1,0,1,ลบ.ม.,001
MG3#2021001#I-2021001-00022#31#1#P3801000100100,MG3#2021001#I-2021001-00022#31#1#P3801000100100,Matix สวิตช์,แผ่นปิด 1 ช่อง AM5000,1694,I-2021001-00022,2021-02-03,P3801000100100#2021-02-03#I-2021001-00022#31#1,2021001,2021001#P3801000100100#2021-02-03#I-2021001-00022#31#1,SITE,P3801000100100,31,MG3,2021001,1,1,0,1,ชิ้น,SITE
MG5#2021004#I-2021004-00135#539#1#P3050101300109,MG5#2021004#I-2021004-00135#539#1#P3050101300109,ปูนยาแนว PO-157,(1 กก./ถุง),383,I-2021004-00135,2024-09-06,P3050101300109#2024-09-06#I-2021004-00135#539#1,2021004,2021004#P3050101300109#2024-09-06#I-2021004-00135#539#1,001,P3050101300109,539,MG5,2021004,1,1,0,1,ถุง,001
MG5#2021004#I-2021004-00135#888#1#P1100101101800,MG5#2021004#I-2021004-00135#888#1#P1100101101800,เหล็กแผ่นลาย,4'x8'x3.2mm.,383,I-2021004-00135,2024-09-06,P1100101101800#2024-09-06#I-2021004-00135#888#1,2021004,2021004#P1100101101800#2024-09-06#I-2021004-00135#888#1,001,P1100101101800,888,MG5,2021004,1,1,0,1,แผ่น12345,001
MG5#2021004#I-2021004-00135#1009#1#P2400101300500,MG5#2021004#I-2021004-00135#1009#1#P2400101300500,น้ำยาล้าง,น้ำยาล้างรถ,383,I-2021004-00135,2024-09-06,P2400101300500#2024-09-06#I-2021004-00135#1009#1,2021004,2021004#P2400101300500#2024-09-06#I-2021004-00135#1009#1,001,P2400101300500,1009,MG5,2021004,1,1,0,1,แกลลอน,001
MG5#2021004#I-2021004-00135#1676#1#P3050101200113,MG5#2021004#I-2021004-00135#1676#1#P3050101200113,ปูนกาว TTB,(25 กก./ถุง),383,I-2021004-00135,2024-09-06,P3050101200113#2024-09-06#I-2021004-00135#1676#1,2021004,2021004#P3050101200113#2024-09-06#I-2021004-00135#1676#1,001,P3050101200113,1676,MG5,2021004,1,1,0,1,ถุง,001
MG3#2021001#I-2021001-00049#105#1#P3801000500200,MG3#2021001#I-2021001-00049#105#1#P3801000500200,Matix กล่องลอย,AM5526S,1246,I-2021001-00049,2022-04-27,P3801000500200#2022-04-27#I-2021001-00049#105#1,2021001,2021001#P3801000500200#2022-04-27#I-2021001-00049#105#1,SITE,P3801000500200,105,MG3,2021001,1,1,0,1,ใบ,SITE
MG5#2021004#I-2021004-00126#154#1#P2000101800100,MG5#2021004#I-2021004-00126#154#1#P2000101800100,ดินเหนียว,เนื้อละเอียด,405,I-2021004-00126,2024-08-15,P2000101800100#2024-08-15#I-2021004-00126#154#1,2021004,2021004#P2000101800100#2024-08-15#I-2021004-00126#154#1,001,P2000101800100,154,MG5,2021004,1,1,0,1,ลบ.ม.,001
MG5#2021004#I-2021004-00067#186#1#P2000100100000,MG5#2021004#I-2021004-00067#186#1#P2000100100000,ดินถม,,617,I-2021004-00067,2024-01-16,P2000100100000#2024-01-16#I-2021004-00067#186#1,2021004,2021004#P2000100100000#2024-01-16#I-2021004-00067#186#1,001,P2000100100000,186,MG5,2021004,1,1,0,1,ลบ.ม.,001
MG5#2021004#I-2021004-00135#113#1#FGRF0010500000,MG5#2021004#I-2021004-00135#113#1#FGRF0010500000,Danpalon-TH Screw for fastenner (SH3 10-24x16 WAF),'@ 12M Ref. Grey,383,I-2021004-00135,2024-09-06,FGRF0010500000#2024-09-06#I-2021004-00135#113#1,2021004,2021004#FGRF0010500000#2024-09-06#I-2021004-00135#113#1,001,FGRF0010500000,113,MG5,2021004,1,1,0,1,PCS,001
MG5#2021004#I-2021004-00135#1906#1#P4050101200800,MG5#2021004#I-2021004-00135#1906#1#P4050101200800,ท่อใยหิน,ขนาด 90x50 ซม.,383,I-2021004-00135,2024-09-06,P4050101200800#2024-09-06#I-2021004-00135#1906#1,2021004,2021004#P4050101200800#2024-09-06#I-2021004-00135#1906#1,001,P4050101200800,1906,MG5,2021004,1,1,0,1,ท่อน,001
MG5#2021004#I-2021004-00135#728#1#P1000100300300,MG5#2021004#I-2021004-00135#728#1#P1000100300300,คอนกรีต,Strenght 240 ksc. Cyl,383,I-2021004-00135,2024-09-06,P1000100300300#2024-09-06#I-2021004-00135#728#1,2021004,2021004#P1000100300300#2024-09-06#I-2021004-00135#728#1,001,P1000100300300,728,MG5,2021004,1,1,0,1,ลบ.ม.,001
MG5#2021004#I-2021004-00067#131#1#P2000100100000,MG5#2021004#I-2021004-00067#131#1#P2000100100000,ดินถม,,617,I-2021004-00067,2024-01-16,P2000100100000#2024-01-16#I-2021004-00067#131#1,2021004,2021004#P2000100100000#2024-01-16#I-2021004-00067#131#1,001,P2000100100000,131,MG5,2021004,1,1,0,1,ลบ.ม.,001
MG5#2021004#I-2021004-00135#1133#1#P2400102201200,MG5#2021004#I-2021004-00135#1133#1#P2400102201200,กระดาษกาว/เทปกาว/กาว,เทปพันเกลียว,383,I-2021004-00135,2024-09-06,P2400102201200#2024-09-06#I-2021004-00135#1133#1,2021004,2021004#P2400102201200#2024-09-06#I-2021004-00135#1133#1,001,P2400102201200,1133,MG5,2021004,1,1,0,1,ม้วน,001
MG5#2021004#I-2021004-00067#71#1#P2000100100000,MG5#2021004#I-2021004-00067#71#1#P2000100100000,ดินถม,,617,I-2021004-00067,2024-01-16,P2000100100000#2024-01-16#I-2021004-00067#71#1,2021004,2021004#P2000100100000#2024-01-16#I-2021004-00067#71#1,001,P2000100100000,71,MG5,2021004,1,1,0,1,ลบ.ม.,001
MG5#2021004#I-2021004-00135#1627#1#P3050101200113,MG5#2021004#I-2021004-00135#1627#1#P3050101200113,ปูนกาว TTB,(25 กก./ถุง),383,I-2021004-00135,2024-09-06,P3050101200113#2024-09-06#I-2021004-00135#1627#1,2021004,2021004#P3050101200113#2024-09-06#I-2021004-00135#1627#1,001,P3050101200113,1627,MG5,2021004,1,1,0,1,ถุง,001
MG5#2021004#I-2021004-00135#1253#1#P2400102201800,MG5#2021004#I-2021004-00135#1253#1#P2400102201800,กระดาษกาว/เทปกาว/กาว,เทปแถบขาว-แดง,383,I-2021004-00135,2024-09-06,P2400102201800#2024-09-06#I-2021004-00135#1253#1,2021004,2021004#P2400102201800#2024-09-06#I-2021004-00135#1253#1,001,P2400102201800,1253,MG5,2021004,1,1,0,1,ม้วน,001
MG5#2021004#I-2021004-00135#913#1#P1100101101800,MG5#2021004#I-2021004-00135#913#1#P1100101101800,เหล็กแผ่นลาย,4'x8'x3.2mm.,383,I-2021004-00135,2024-09-06,P1100101101800#2024-09-06#I-2021004-00135#913#1,2021004,2021004#P1100101101800#2024-09-06#I-2021004-00135#913#1,001,P1100101101800,913,MG5,2021004,1,1,0,1,แผ่น12345,001
MG5#2021004#I-2021004-00135#1487#1#P1050100200500,MG5#2021004#I-2021004-00135#1487#1#P1050100200500,เหล็กข้ออ้อย,SD 40 DB16mm. ยาว 10.00 m.,383,I-2021004-00135,2024-09-06,P1050100200500#2024-09-06#I-2021004-00135#1487#1,2021004,2021004#P1050100200500#2024-09-06#I-2021004-00135#1487#1,001,P1050100200500,1487,MG5,2021004,1,1,0,1,เส้น,001
MG5#2021004#I-2021004-00067#42#1#P2000100100000,MG5#2021004#I-2021004-00067#42#1#P2000100100000,ดินถม,,617,I-2021004-00067,2024-01-16,P2000100100000#2024-01-16#I-2021004-00067#42#1,2021004,2021004#P2000100100000#2024-01-16#I-2021004-00067#42#1,001,P2000100100000,42,MG5,2021004,1,1,0,1,ลบ.ม.,001
MG5#2021006#I-2021006-00015#18#1#P2000100100000,MG5#2021006#I-2021006-00015#18#1#P2000100100000,ดินถม,,725,I-2021006-00015,2023-09-30,P2000100100000#2023-09-30#I-2021006-00015#18#1,2021006,2021006#P2000100100000#2023-09-30#I-2021006-00015#18#1,W1,P2000100100000,18,MG5,2021006,1,1,0,1,ลบ.ม.,W1
MG1#2021031#I-2021031-00003#23#1#B1000101400000,MG1#2021031#I-2021031-00003#23#1#B1000101400000,กระดาษ เช็คปาก,,1118,I-2021031-00003,2022-09-02,B1000101400000#2022-09-02#I-2021031-00003#23#1,2021031,2021031#B1000101400000#2022-09-02#I-2021031-00003#23#1,001,B1000101400000,23,MG1,2021031,1,1,0,1,กล่อง,001
MG3#2021001#I-2021001-00022#28#1#P3801000100100,MG3#2021001#I-2021001-00022#28#1#P3801000100100,Matix สวิตช์,แผ่นปิด 1 ช่อง AM5000,1694,I-2021001-00022,2021-02-03,P3801000100100#2021-02-03#I-2021001-00022#28#1,2021001,2021001#P3801000100100#2021-02-03#I-2021001-00022#28#1,SITE,P3801000100100,28,MG3,2021001,1,1,0,1,ชิ้น,SITE
MG5#2021004#I-2021004-00126#66#1#P2000101800100,MG5#2021004#I-2021004-00126#66#1#P2000101800100,ดินเหนียว,เนื้อละเอียด,405,I-2021004-00126,2024-08-15,P2000101800100#2024-08-15#I-2021004-00126#66#1,2021004,2021004#P2000101800100#2024-08-15#I-2021004-00126#66#1,001,P2000101800100,66,MG5,2021004,1,1,0,1,ลบ.ม.,001
MG5#2021004#I-2021004-00135#2186#1#P2400104304400,MG5#2021004#I-2021004-00135#2186#1#P2400104304400,อุปกรณ์ความปลอดภัยส่วนบุคคล,หมวกเซฟตี้ สีแดง,383,I-2021004-00135,2024-09-06,P2400104304400#2024-09-06#I-2021004-00135#2186#1,2021004,2021004#P2400104304400#2024-09-06#I-2021004-00135#2186#1,001,P2400104304400,2186,MG5,2021004,1,1,0,1,ใบ,001
MG3#2021001#I-2021001-00040#16#1#P3801000100100,MG3#2021001#I-2021001-00040#16#1#P3801000100100,Matix สวิตช์,แผ่นปิด 1 ช่อง AM5000,1692,I-2021001-00040,2021-02-05,P3801000100100#2021-02-05#I-2021001-00040#16#1,2021001,2021001#P3801000100100#2021-02-05#I-2021001-00040#16#1,SITE,P3801000100100,16,MG3,2021001,1,1,0,1,ชิ้น,SITE
MG5#2021004#I-2021004-00022#1#1#P2000100100000,MG5#2021004#I-2021004-00022#1#1#P2000100100000,ดินถม,,1035,I-2021004-00022,2022-11-24,P2000100100000#2022-11-24#I-2021004-00022#1#1,2021004,2021004#P2000100100000#2022-11-24#I-2021004-00022#1#1,001,P2000100100000,1,MG5,2021004,1,1,0,1,ลบ.ม.,001
MG5#2021004#I-2021004-00135#119#1#FGRF0010500000,MG5#2021004#I-2021004-00135#119#1#FGRF0010500000,Danpalon-TH Screw for fastenner (SH3 10-24x16 WAF),'@ 12M Ref. Grey,383,I-2021004-00135,2024-09-06,FGRF0010500000#2024-09-06#I-2021004-00135#119#1,2021004,2021004#FGRF0010500000#2024-09-06#I-2021004-00135#119#1,001,FGRF0010500000,119,MG5,2021004,1,1,0,1,PCS,001
MG5#2021004#I-2021004-00135#741#1#P1000100300300,MG5#2021004#I-2021004-00135#741#1#P1000100300300,คอนกรีต,Strenght 240 ksc. Cyl,383,I-2021004-00135,2024-09-06,P1000100300300#2024-09-06#I-2021004-00135#741#1,2021004,2021004#P1000100300300#2024-09-06#I-2021004-00135#741#1,001,P1000100300300,741,MG5,2021004,1,1,0,1,ลบ.ม.,001
MG5#2021004#I-2021004-00135#1671#1#P3050101200113,MG5#2021004#I-2021004-00135#1671#1#P3050101200113,ปูนกาว TTB,(25 กก./ถุง),383,I-2021004-00135,2024-09-06,P3050101200113#2024-09-06#I-2021004-00135#1671#1,2021004,2021004#P3050101200113#2024-09-06#I-2021004-00135#1671#1,001,P3050101200113,1671,MG5,2021004,1,1,0,1,ถุง,001
MG5#2021004#I-2021004-00135#602#1#P2400102303400,MG5#2021004#I-2021004-00135#602#1#P2400102303400,เทปกั้น/สายวัด/ตลับเมตร/ไฟฉาย,สายอัดจารบี ลูกปืนครัทช์ (หัวตรง),383,I-2021004-00135,2024-09-06,P2400102303400#2024-09-06#I-2021004-00135#602#1,2021004,2021004#P2400102303400#2024-09-06#I-2021004-00135#602#1,001,P2400102303400,602,MG5,2021004,1,1,0,1,เส้น,001
MG3#2021001#I-2021001-00049#86#1#P3801000500200,MG3#2021001#I-2021001-00049#86#1#P3801000500200,Matix กล่องลอย,AM5526S,1246,I-2021001-00049,2022-04-27,P3801000500200#2022-04-27#I-2021001-00049#86#1,2021001,2021001#P3801000500200#2022-04-27#I-2021001-00049#86#1,SITE,P3801000500200,86,MG3,2021001,1,1,0,1,ใบ,SITE
MG5#2021003#I-2021003-00008#6#1#P5000100100100,MG5#2021003#I-2021003-00008#6#1#P5000100100100,สายไฟ VAF 1.0 sq. mm.,100 เมตร/ขด,744,I-2021003-00008,2023-09-11,P5000100100100#2023-09-11#I-2021003-00008#6#1,2021003,2021003#P5000100100100#2023-09-11#I-2021003-00008#6#1,001,P5000100100100,6,MG5,2021003,1,1,0,1,ม้วน,001
MG5#2021004#I-2021004-00135#858#1#P3000100500500,MG5#2021004#I-2021004-00135#858#1#P3000100500500,บล็อคแก้ว,ขนาด 0.20x0.60 m.หนา 10 cm.,383,I-2021004-00135,2024-09-06,P3000100500500#2024-09-06#I-2021004-00135#858#1,2021004,2021004#P3000100500500#2024-09-06#I-2021004-00135#858#1,001,P3000100500500,858,MG5,2021004,1,1,0,1,ก้อน,001
MG3#2021001#I-2021001-00049#28#1#P3801000500200,MG3#2021001#I-2021001-00049#28#1#P3801000500200,Matix กล่องลอย,AM5526S,1246,I-2021001-00049,2022-04-27,P3801000500200#2022-04-27#I-2021001-00049#28#1,2021001,2021001#P3801000500200#2022-04-27#I-2021001-00049#28#1,SITE,P3801000500200,28,MG3,2021001,1,1,0,1,ใบ,SITE
MG5#2021004#I-2021004-00135#2236#1#P2400104304400,MG5#2021004#I-2021004-00135#2236#1#P2400104304400,อุปกรณ์ความปลอดภัยส่วนบุคคล,หมวกเซฟตี้ สีแดง,383,I-2021004-00135,2024-09-06,P2400104304400#2024-09-06#I-2021004-00135#2236#1,2021004,2021004#P2400104304400#2024-09-06#I-2021004-00135#2236#1,001,P2400104304400,2236,MG5,2021004,1,1,0,1,ใบ,001
MG3#2021001#I-2021001-00022#19#1#P3801000100100,MG3#2021001#I-2021001-00022#19#1#P3801000100100,Matix สวิตช์,แผ่นปิด 1 ช่อง AM5000,1694,I-2021001-00022,2021-02-03,P3801000100100#2021-02-03#I-2021001-00022#19#1,2021001,2021001#P3801000100100#2021-02-03#I-2021001-00022#19#1,SITE,P3801000100100,19,MG3,2021001,1,1,0,1,ชิ้น,SITE
MG5#2021004#I-2021004-00126#224#1#P2000101800100,MG5#2021004#I-2021004-00126#224#1#P2000101800100,ดินเหนียว,เนื้อละเอียด,405,I-2021004-00126,2024-08-15,P2000101800100#2024-08-15#I-2021004-00126#224#1,2021004,2021004#P2000101800100#2024-08-15#I-2021004-00126#224#1,001,P2000101800100,224,MG5,2021004,1,1,0,1,ลบ.ม.,001
MG5#2021004#I-2021004-00135#2172#1#P2400104304400,MG5#2021004#I-2021004-00135#2172#1#P2400104304400,อุปกรณ์ความปลอดภัยส่วนบุคคล,หมวกเซฟตี้ สีแดง,383,I-2021004-00135,2024-09-06,P2400104304400#2024-09-06#I-2021004-00135#2172#1,2021004,2021004#P2400104304400#2024-09-06#I-2021004-00135#2172#1,001,P2400104304400,2172,MG5,2021004,1,1,0,1,ใบ,001
MG5#2021006#I-2021006-00002#19#1#P2000101300000,MG5#2021006#I-2021006-00002#19#1#P2000101300000,ทรายหยาบ,,1400,I-2021006-00002,2021-11-24,P2000101300000#2021-11-24#I-2021006-00002#19#1,2021006,2021006#P2000101300000#2021-11-24#I-2021006-00002#19#1,W1,P2000101300000,19,MG5,2021006,1,1,0,1,ลบ.ม.,W1
MG1#2021093#I-2021093-00489#1#1#P3450100200000,MG1#2021093#I-2021093-00489#1#1#P3450100200000,วงกบประตูไม้สัก,,568,I-2021093-00489,2024-03-05,P3450100200000#2024-03-05#I-2021093-00489#1#1,2021093,2021093#P3450100200000#2024-03-05#I-2021093-00489#1#1,001,P3450100200000,1,MG1,2021093,1,1,0,1,ชุด/set,001
MG3#2021001#I-2021001-00043#7#1#P3801000400100,MG3#2021001#I-2021001-00043#7#1#P3801000400100,Matix ฝาครอบ,ไม่มีช่องขาว AM5500,1631,I-2021001-00043,2021-04-07,P3801000400100#2021-04-07#I-2021001-00043#7#1,2021001,2021001#P3801000400100#2021-04-07#I-2021001-00043#7#1,STORE SITE,P3801000400100,7,MG3,2021001,1,1,0,1,อัน,STORE SITE
MG1#2021061#I-2021061-00019#1#1#PB101800500500,MG1#2021061#I-2021061-00019#1#1#PB101800500500,กาวทาท่อ พีวีซี,100 กรัม,453,I-2021061-00019,2024-06-28,PB101800500500#2024-06-28#I-2021061-00019#1#1,2021061,2021061#PB101800500500#2024-06-28#I-2021061-00019#1#1,TMM001,PB101800500500,1,MG1,2021061,1,1,0,1,กระป๋อง,TMM001
MG1#2021005#T-2021092-00006#4#1#P3450100200000,MG1#2021005#T-2021092-00006#4#1#P3450100200000,วงกบประตูไม้สัก,,1630,T-2021092-00006,2021-04-08,P3450100200000#2021-04-08#T-2021092-00006#4#1,2021005,2021005#P3450100200000#2021-04-08#T-2021092-00006#4#1,003,P3450100200000,4,MG1,2021005,1,1,0,1,ชุด/set,003
MG5#2021004#I-2021004-00135#1502#1#P1050100200500,MG5#2021004#I-2021004-00135#1502#1#P1050100200500,เหล็กข้ออ้อย,SD 40 DB16mm. ยาว 10.00 m.,383,I-2021004-00135,2024-09-06,P1050100200500#2024-09-06#I-2021004-00135#1502#1,2021004,2021004#P1050100200500#2024-09-06#I-2021004-00135#1502#1,001,P1050100200500,1502,MG5,2021004,1,1,0,1,เส้น,001
MG5#2021004#I-2021004-00067#213#1#P2000100100000,MG5#2021004#I-2021004-00067#213#1#P2000100100000,ดินถม,,617,I-2021004-00067,2024-01-16,P2000100100000#2024-01-16#I-2021004-00067#213#1,2021004,2021004#P2000100100000#2024-01-16#I-2021004-00067#213#1,001,P2000100100000,213,MG5,2021004,1,1,0,1,ลบ.ม.,001
MG5#2021004#I-2021004-00135#465#1#P2400102901500,MG5#2021004#I-2021004-00135#465#1#P2400102901500,ซิลิโคน+ปืนยิง+กระบอกฉีด,หมึกเติมแท่นประทับ สีน้ำเงิน,383,I-2021004-00135,2024-09-06,P2400102901500#2024-09-06#I-2021004-00135#465#1,2021004,2021004#P2400102901500#2024-09-06#I-2021004-00135#465#1,001,P2400102901500,465,MG5,2021004,1,1,0,1,ขวด,001
MG5#2021004#I-2021004-00135#1623#1#P3050101200113,MG5#2021004#I-2021004-00135#1623#1#P3050101200113,ปูนกาว TTB,(25 กก./ถุง),383,I-2021004-00135,2024-09-06,P3050101200113#2024-09-06#I-2021004-00135#1623#1,2021004,2021004#P3050101200113#2024-09-06#I-2021004-00135#1623#1,001,P3050101200113,1623,MG5,2021004,1,1,0,1,ถุง,001
MG5#2021004#I-2021004-00135#2252#1#P2400103100400,MG5#2021004#I-2021004-00135#2252#1#P2400103100400,สีสเปรย์/ดินสอเขียนไม้/ปากกาเคมี/เชื่อก,สีสเปรย์ สีน้ำเงิน,383,I-2021004-00135,2024-09-06,P2400103100400#2024-09-06#I-2021004-00135#2252#1,2021004,2021004#P2400103100400#2024-09-06#I-2021004-00135#2252#1,001,P2400103100400,2252,MG5,2021004,1,1,0,1,กระป๋อง,001
MG5#2021004#I-2021004-00135#95#1#P2000100400100,MG5#2021004#I-2021004-00135#95#1#P2000100400100,หิน,เบอร์ 1,383,I-2021004-00135,2024-09-06,P2000100400100#2024-09-06#I-2021004-00135#95#1,2021004,2021004#P2000100400100#2024-09-06#I-2021004-00135#95#1,001,P2000100400100,95,MG5,2021004,1,1,0,1,ลบ.ม.,001
MG5#2021004#I-2021004-00135#1274#1#P1050100200500,MG5#2021004#I-2021004-00135#1274#1#P1050100200500,เหล็กข้ออ้อย,SD 40 DB16mm. ยาว 10.00 m.,383,I-2021004-00135,2024-09-06,P1050100200500#2024-09-06#I-2021004-00135#1274#1,2021004,2021004#P1050100200500#2024-09-06#I-2021004-00135#1274#1,001,P1050100200500,1274,MG5,2021004,1,1,0,1,เส้น,001
MG5#2021004#I-2021004-00135#1177#1#P3100100600100,MG5#2021004#I-2021004-00135#1177#1#P3100100600100,กระเบื้องหินขัด,ขนาด 0.30x0.30 m.,383,I-2021004-00135,2024-09-06,P3100100600100#2024-09-06#I-2021004-00135#1177#1,2021004,2021004#P3100100600100#2024-09-06#I-2021004-00135#1177#1,001,P3100100600100,1177,MG5,2021004,1,1,0,1,แผ่น12345,001
MG3#2021001#T-2021001-00016#1#1#P3801000100300,MG3#2021001#T-2021001-00016#1#1#P3801000100300,Matix สวิตช์,แผ่นปิด 2 ช่องร้อยสาย AM500P/2,1721,T-2021001-00016,2021-01-07,P3801000100300#2021-01-07#T-2021001-00016#1#1,2021001,2021001#P3801000100300#2021-01-07#T-2021001-00016#1#1,BBBB,P3801000100300,1,MG3,2021001,1,1,0,1,ชิ้น,BBBB
MG5#2021004#I-2021004-00022#2#1#P2000100400100,MG5#2021004#I-2021004-00022#2#1#P2000100400100,หิน,เบอร์ 1,1035,I-2021004-00022,2022-11-24,P2000100400100#2022-11-24#I-2021004-00022#2#1,2021004,2021004#P2000100400100#2022-11-24#I-2021004-00022#2#1,001,P2000100400100,2,MG5,2021004,1,1,0,1,ลบ.ม.,001
MG5#2021004#I-2021004-00135#82#1#P2000100400100,MG5#2021004#I-2021004-00135#82#1#P2000100400100,หิน,เบอร์ 1,383,I-2021004-00135,2024-09-06,P2000100400100#2024-09-06#I-2021004-00135#82#1,2021004,2021004#P2000100400100#2024-09-06#I-2021004-00135#82#1,001,P2000100400100,82,MG5,2021004,1,1,0,1,ลบ.ม.,001
MG5#2021004#I-2021004-00135#2001#1#P2400102401500,MG5#2021004#I-2021004-00135#2001#1#P2400102401500,กระดาษทราย,กระดาษทรายน้ำ #320,383,I-2021004-00135,2024-09-06,P2400102401500#2024-09-06#I-2021004-00135#2001#1,2021004,2021004#P2400102401500#2024-09-06#I-2021004-00135#2001#1,001,P2400102401500,2001,MG5,2021004,1,1,0,1,แผ่น12345,001
MG5#2021004#I-2021004-00135#896#1#P1100101101800,MG5#2021004#I-2021004-00135#896#1#P1100101101800,เหล็กแผ่นลาย,4'x8'x3.2mm.,383,I-2021004-00135,2024-09-06,P1100101101800#2024-09-06#I-2021004-00135#896#1,2021004,2021004#P1100101101800#2024-09-06#I-2021004-00135#896#1,001,P1100101101800,896,MG5,2021004,1,1,0,1,แผ่น12345,001
MG5#2021004#I-2021004-00135#720#1#P1000100300300,MG5#2021004#I-2021004-00135#720#1#P1000100300300,คอนกรีต,Strenght 240 ksc. Cyl,383,I-2021004-00135,2024-09-06,P1000100300300#2024-09-06#I-2021004-00135#720#1,2021004,2021004#P1000100300300#2024-09-06#I-2021004-00135#720#1,001,P1000100300300,720,MG5,2021004,1,1,0,1,ลบ.ม.,001
MG1#2021140#I-2021140-00001#2#1#B1000104700000,MG1#2021140#I-2021140-00001#2#1#B1000104700000,ตะกร้าเอกสาร,,1512,I-2021140-00001,2021-08-04,B1000104700000#2021-08-04#I-2021140-00001#2#1,2021140,2021140#B1000104700000#2021-08-04#I-2021140-00001#2#1,010101,B1000104700000,2,MG1,2021140,1,5,4,1,อัน,010101
MG1#2021181#I-2021181-00004#2#1#P2400101301100,MG1#2021181#I-2021181-00004#2#1#P2400101301100,น้ำยาล้าง,น้ำยากำจัดปลวก เชล์ไดร,1143,I-2021181-00004,2022-08-08,P2400101301100#2022-08-08#I-2021181-00004#2#1,2021181,2021181#P2400101301100#2022-08-08#I-2021181-00004#2#1,001,P2400101301100,2,MG1,2021181,1,10,9,1,ถัง,001
MG1#2021061#I-2021061-00004#1#1#P2000100400100,MG1#2021061#I-2021061-00004#1#1#P2000100400100,หิน,เบอร์ 1,1309,I-2021061-00004,2022-02-23,P2000100400100#2022-02-23#I-2021061-00004#1#1,2021061,2021061#P2000100400100#2022-02-23#I-2021061-00004#1#1,W001,P2000100400100,1,MG1,2021061,2,2,0,1,ลบ.ม.,W001
MG1#2021005#T-2021092-00006#1#1#P2000100100000,MG1#2021005#T-2021092-00006#1#1#P2000100100000,ดินถม,เนื้อละเอียด,1643,T-2021092-00006,2021-03-26,P2000100100000#2021-03-26#T-2021092-00006#1#1,2021005,2021005#P2000100100000#2021-03-26#T-2021092-00006#1#1,002,P2000100100000,1,MG1,2021005,2,2,0,1,ลบ.ม.,002
MG2#2022001#I-2022001-00015#1#1#P2000100100000,MG2#2022001#I-2022001-00015#1#1#P2000100100000,ดินถม,,454,I-2022001-00015,2024-06-27,P2000100100000#2024-06-27#I-2022001-00015#1#1,2022001,2022001#P2000100100000#2024-06-27#I-2022001-00015#1#1,WH-002,P2000100100000,1,MG2,2022001,2,2,0,1,ลบ.ม.,WH-002
MG3#2022001#I-2022001-00006#4#1#P3801000200300,MG3#2022001#I-2022001-00006#4#1#P3801000200300,Matix เต้ารับ,เดี่ยวแบน 3P ม่าน AM5028TS,950,I-2022001-00006,2023-02-17,P3801000200300#2023-02-17#I-2022001-00006#4#1,2022001,2022001#P3801000200300#2023-02-17#I-2022001-00006#4#1,001,P3801000200300,4,MG3,2022001,2,2,0,1,ตัว,001
MG1#2021005#T-2021005-00019#1#1#P1100100300400,MG1#2021005#T-2021005-00019#1#1#P1100100300400,เหล็กฉาก,L-25x25x2.3mm.,1720,T-2021005-00019,2021-01-08,P1100100300400#2021-01-08#T-2021005-00019#1#1,2021005,2021005#P1100100300400#2021-01-08#T-2021005-00019#1#1,001,P1100100300400,1,MG1,2021005,2,2,0,1,เส้น,001
MG1#2021092#I-2021092-00044#1#1#P2000101500000,MG1#2021092#I-2021092-00044#1#1#P2000101500000,ทรายถม,,1591,I-2021092-00044,2021-05-17,P2000101500000#2021-05-17#I-2021092-00044#1#1,2021092,2021092#P2000101500000#2021-05-17#I-2021092-00044#1#1,001,P2000101500000,1,MG1,2021092,2,2,0,1,ลบ.ม.,001
MG1#2021093#I-2021093-00512#1#1#P2000100100000,MG1#2021093#I-2021093-00512#1#1#P2000100100000,ดินถม,เนื้อละเอียด,538,I-2021093-00512,2024-04-04,P2000100100000#2024-04-04#I-2021093-00512#1#1,2021093,2021093#P2000100100000#2024-04-04#I-2021093-00512#1#1,003,P2000100100000,1,MG1,2021093,2,2,0,1,ลบ.ม.,003
MG1#2021031#I-2021031-00003#9#1#P1000100300400,MG1#2021031#I-2021031-00003#9#1#P1000100300400,คอนกรีต,Strenght 280 ksc. Cyl,1118,I-2021031-00003,2022-09-02,P1000100300400#2022-09-02#I-2021031-00003#9#1,2021031,2021031#P1000100300400#2022-09-02#I-2021031-00003#9#1,001,P1000100300400,9,MG1,2021031,2,2,0,1,ลบ.ม.,001
MG5#2021004#I-2021004-00017#5#1#PS030020300101,MG5#2021004#I-2021004-00017#5#1#PS030020300101,วัสดุรายการที่ 3,SN = N,1056,I-2021004-00017,2022-11-03,PS030020300101#2022-11-03#I-2021004-00017#5#1,2021004,2021004#PS030020300101#2022-11-03#I-2021004-00017#5#1,001,PS030020300101,5,MG5,2021004,3,3,0,1,ครั้ง,001
MG1#2021152#T-2021145-00008#2#1#P2000101100000,MG1#2021152#T-2021145-00008#2#1#P2000101100000,หินกรวด,,1415,T-2021145-00008,2021-11-09,P2000101100000#2021-11-09#T-2021145-00008#2#1,2021152,2021152#P2000101100000#2021-11-09#T-2021145-00008#2#1,11011001,P2000101100000,2,MG1,2021152,4,4,0,1,ลบ.ม.,11011001
MG1#2019002#I-2019002-00016#2#1#P3500100500000,MG1#2019002#I-2019002-00016#2#1#P3500100500000,อุปกรณ์หลังคา,,755,I-2019002-00016,2023-08-31,P3500100500000#2023-08-31#I-2019002-00016#2#1,2019002,2019002#P3500100500000#2023-08-31#I-2019002-00016#2#1,001,P3500100500000,2,MG1,2019002,4,4,0,1,เมตร,001
MG3#2021001#I-2021001-00067#28#1#P3801000300100,MG3#2021001#I-2021001-00067#28#1#P3801000300100,Matix ไฟสัญญาณ,สีส้มและใส AM5062B,357,I-2021001-00067,2024-10-02,P3801000300100#2024-10-02#I-2021001-00067#28#1,2021001,2021001#P3801000300100#2024-10-02#I-2021001-00067#28#1,SITE,P3801000300100,28,MG3,2021001,5,5,0,1,ตัว,SITE
MG1#2021154#T-2021161-00002#1#1#P2000100200000,MG1#2021154#T-2021161-00002#1#1#P2000100200000,ดินปนทราย,,1483,T-2021161-00002,2021-09-02,P2000100200000#2021-09-02#T-2021161-00002#1#1,2021154,2021154#P2000100200000#2021-09-02#T-2021161-00002#1#1,S1,P2000100200000,1,MG1,2021154,5,5,0,1,ลบ.ม.,S1
MG3#2021001#I-2021001-00067#23#1#P3801000300100,MG3#2021001#I-2021001-00067#23#1#P3801000300100,Matix ไฟสัญญาณ,สีส้มและใส AM5062B,357,I-2021001-00067,2024-10-02,P3801000300100#2024-10-02#I-2021001-00067#23#1,2021001,2021001#P3801000300100#2024-10-02#I-2021001-00067#23#1,SITE,P3801000300100,23,MG3,2021001,5,5,0,1,ตัว,SITE
MG2#2021003#I-2021003-00001#1#1#A1050104400000,MG2#2021003#I-2021003-00001#1#1#A1050104400000,นั่งร้าน,,1630,I-2021003-00001,2021-04-08,A1050104400000#2021-04-08#I-2021003-00001#1#1,2021003,2021003#A1050104400000#2021-04-08#I-2021003-00001#1#1,W001,A1050104400000,1,MG2,2021003,5,5,0,1,EA,W001
MG1#2021162#I-2021162-00024#2#1#P3100100100100,MG1#2021162#I-2021162-00024#2#1#P3100100100100,กระเบื้องแกรนิตโต้,ขนาด 30x30 ซม.,1423,I-2021162-00024,2021-11-01,P3100100100100#2021-11-01#I-2021162-00024#2#1,2021162,2021162#P3100100100100#2021-11-01#I-2021162-00024#2#1,001,P3100100100100,2,MG1,2021162,5,5,0,1,แผ่น12345,001
MG2#2021003#I-2021003-00004#2#1#P1100100101000,MG2#2021003#I-2021003-00004#2#1#P1100100101000,เหล็กท่อดำ,21.7x3.2 mm.,1630,I-2021003-00004,2021-04-08,P1100100101000#2021-04-08#I-2021003-00004#2#1,2021003,2021003#P1100100101000#2021-04-08#I-2021003-00004#2#1,W001,P1100100101000,2,MG2,2021003,5,5,0,1,เส้น,W001
MG1#2023077#T-2021093-00062#1#1#P2100100100100,MG1#2023077#T-2021093-00062#1#1#P2100100100100,ไม้ยูคาลิปตัส,"""ขนาด 1 1/2""""ยาว 2.50 ม.""",793,T-2021093-00062,2023-07-24,P2100100100100#2023-07-24#T-2021093-00062#1#1,2023077,2023077#P2100100100100#2023-07-24#T-2021093-00062#1#1,001,P2100100100100,1,MG1,2023077,5,5,0,1,ท่อน,001
MG5#2021006#I-2021006-00013#1#1#P2300100200102,MG5#2021006#I-2021006-00013#1#1#P2300100200102,ข้อต่อ,ข้อต่อ,1057,I-2021006-00013,2022-11-02,P2300100200102#2022-11-02#I-2021006-00013#1#1,2021006,2021006#P2300100200102#2022-11-02#I-2021006-00013#1#1,W1,P2300100200102,1,MG5,2021006,5,5,0,1,กล่อง,W1
MG1#2021093#I-2021093-00606#1#1#10100010200202,MG1#2021093#I-2021093-00606#1#1#10100010200202,ฝ้าแขวน,แบบสี่เหลี่ยม,77,I-2021093-00606,2025-07-09,10100010200202#2025-07-09#I-2021093-00606#1#1,2021093,2021093#10100010200202#2025-07-09#I-2021093-00606#1#1,001,10100010200202,1,MG1,2021093,5,5,0,1,แผ่น12345,001
MG1#2021011#I-2021011-00001#5#1#A1050101800000,MG1#2021011#I-2021011-00001#5#1#A1050101800000,เครื่องเจียร์มือ,,839,I-2021011-00001,2023-06-08,A1050101800000#2023-06-08#I-2021011-00001#5#1,2021011,2021011#A1050101800000#2023-06-08#I-2021011-00001#5#1,001,A1050101800000,5,MG1,2021011,6,6,0,1,เครื่อง,001
MG2#2021002#I-2021002-00004#4#1#P1050100100400,MG2#2021002#I-2021002-00004#4#1#P1050100100400,เหล็กเส้นกลม,SR 24 RB12mm. ยาว 12.00 m.,1692,I-2021002-00004,2021-02-05,P1050100100400#2021-02-05#I-2021002-00004#4#1,2021002,2021002#P1050100100400#2021-02-05#I-2021002-00004#4#1,001,P1050100100400,4,MG2,2021002,10,10,0,1,เส้น,001
MG1#2023030#I-2023030-00002#1#1#P1050100100100,MG1#2023030#I-2023030-00002#1#1#P1050100100100,เหล็กเส้นกลม test,SR 24 RB6 mm. ยาว 10.00 m.,919,I-2023030-00002,2023-03-20,P1050100100100#2023-03-20#I-2023030-00002#1#1,2023030,2023030#P1050100100100#2023-03-20#I-2023030-00002#1#1,001,P1050100100100,1,MG1,2023030,10,10,0,1,เส้น,001
MG1#2021182#T-2021162-00015#1#1#A1000100100000,MG1#2021182#T-2021162-00015#1#1#A1000100100000,ที่ดิน,ที่ดิน (Spec),1423,T-2021162-00015,2021-11-01,A1000100100000#2021-11-01#T-2021162-00015#1#1,2021182,2021182#A1000100100000#2021-11-01#T-2021162-00015#1#1,WH001,A1000100100000,1,MG1,2021182,10,10,0,1,ไร่,WH001
MG1#2021035#I-2021035-00011#2#1#P1000100100003,MG1#2021035#I-2021035-00011#2#1#P1000100100003,คอนกรีตหยาบ1คอนกรีตหยาบ2คอนกรีตหยาบ3คอนกรีตหยาบ4คอนกรีตหยาบ5คอนกรีตหยาบ6,1111122222333334444455555666667777788888999991010101010,1163,I-2021035-00011,2022-07-19,P1000100100003#2022-07-19#I-2021035-00011#2#1,2021035,2021035#P1000100100003#2022-07-19#I-2021035-00011#2#1,001,P1000100100003,2,MG1,2021035,10,10,0,1,ก้อน,001
MG1#2021031#I-2021031-00040#1#1#P1000100300100,MG1#2021031#I-2021031-00040#1#1#P1000100300100,คอนกรีต,Strenght 180 ksc. Cyl,394,I-2021031-00040,2024-08-26,P1000100300100#2024-08-26#I-2021031-00040#1#1,2021031,2021031#P1000100300100#2024-08-26#I-2021031-00040#1#1,001,P1000100300100,1,MG1,2021031,10,10,0,1,ลบ.ม.,001
MG1#2021064#I-2021064-00116#1#1#P2000100200000,MG1#2021064#I-2021064-00116#1#1#P2000100200000,ดินปนทราย,,550,I-2021064-00116,2024-03-23,P2000100200000#2024-03-23#I-2021064-00116#1#1,2021064,2021064#P2000100200000#2024-03-23#I-2021064-00116#1#1,006,P2000100200000,1,MG1,2021064,12,12,0,1,ลบ.ม.,006
MG1#2023097#I-2023097-00002#3#1#P2000101300000,MG1#2023097#I-2023097-00002#3#1#P2000101300000,ทรายหยาบ,,849,I-2023097-00002,2023-05-29,P2000101300000#2023-05-29#I-2023097-00002#3#1,2023097,2023097#P2000101300000#2023-05-29#I-2023097-00002#3#1,WH-001,P2000101300000,3,MG1,2023097,13,20,7,1,ลบ.ม.,WH-001
MG1#2021011#I-2021011-00001#20#1#A1050104300000,MG1#2021011#I-2021011-00001#20#1#A1050104300000,ตู้สำนักงาน,,839,I-2021011-00001,2023-06-08,A1050104300000#2023-06-08#I-2021011-00001#20#1,2021011,2021011#A1050104300000#2023-06-08#I-2021011-00001#20#1,001,A1050104300000,20,MG1,2021011,15,15,0,1,ตู้,001
MG1#2021036#T-2021113-00002#3#1#P2400100300100,MG1#2021036#T-2021113-00002#3#1#P2400100300100,ตะปูตอกไม้,"""1""""""",1632,T-2021113-00002,2021-04-06,P2400100300100#2021-04-06#T-2021113-00002#3#1,2021036,2021036#P2400100300100#2021-04-06#T-2021113-00002#3#1,,P2400100300100,3,MG1,2021036,19.8879,19.8879,0,1,kg/กก.,
MG3#2021001#I-2021001-00061#19#1#9GFL0010300202,MG3#2021001#I-2021001-00061#19#1#9GFL0010300202,ARMALON NG,"""2MM GAUGE, 1.83M WIDE""",587,I-2021001-00061,2024-02-15,9GFL0010300202#2024-02-15#I-2021001-00061#19#1,2021001,2021001#9GFL0010300202#2024-02-15#I-2021001-00061#19#1,001,9GFL0010300202,19,MG3,2021001,20,20,0,1,SQM,001
MG1#2021093#I-2021093-00548#511#1#P2100100201400,MG1#2021093#I-2021093-00548#511#1#P2100100201400,ไม้สน,"""ขนาด 4""""ยาว 5.00 ม.""",383,I-2021093-00548,2024-09-06,P2100100201400#2024-09-06#I-2021093-00548#511#1,2021093,2021093#P2100100201400#2024-09-06#I-2021093-00548#511#1,001,P2100100201400,511,MG1,2021093,20,20,0,1,ท่อน,001
MG1#2021093#I-2021093-00548#467#1#P3100100501000,MG1#2021093#I-2021093-00548#467#1#P3100100501000,กระเบื้องยางลายไม้,"""ขนาด 12""""x12"""" หนา 2 มม.""",383,I-2021093-00548,2024-09-06,P3100100501000#2024-09-06#I-2021093-00548#467#1,2021093,2021093#P3100100501000#2024-09-06#I-2021093-00548#467#1,001,P3100100501000,467,MG1,2021093,20,20,0,1,ตร.ม.,001
MG1#2021093#I-2021093-00548#481#1#P2100100101200,MG1#2021093#I-2021093-00548#481#1#P2100100101200,ไม้ยูคาลิปตัส,"""ขนาด 2 1/2""""ยาว 3.00 ม.""",383,I-2021093-00548,2024-09-06,P2100100101200#2024-09-06#I-2021093-00548#481#1,2021093,2021093#P2100100101200#2024-09-06#I-2021093-00548#481#1,001,P2100100101200,481,MG1,2021093,20,20,0,1,ท่อน,001
MG3#2021001#I-2021001-00061#317#1#9GFL0025100202,MG3#2021001#I-2021001-00061#317#1#9GFL0025100202,IMPERIAL TEXTURE,"""12 """"X12 """"X3/32 """"""",587,I-2021001-00061,2024-02-15,9GFL0025100202#2024-02-15#I-2021001-00061#317#1,2021001,2021001#9GFL0025100202#2024-02-15#I-2021001-00061#317#1,001,9GFL0025100202,317,MG3,2021001,20,20,0,1,SQM,001
MG1#2021093#I-2021093-00548#1146#1#P2100100101900,MG1#2021093#I-2021093-00548#1146#1#P2100100101900,ไม้ยูคาลิปตัส,"""ขนาด 4""""ยาว 4.00 ม.""",383,I-2021093-00548,2024-09-06,P2100100101900#2024-09-06#I-2021093-00548#1146#1,2021093,2021093#P2100100101900#2024-09-06#I-2021093-00548#1146#1,001,P2100100101900,1146,MG1,2021093,20,20,0,1,ท่อน,001
MG3#2021001#I-2021001-00061#121#1#A1000100100000,MG3#2021001#I-2021001-00061#121#1#A1000100100000,ที่ดิน,ที่ดิน (Spec),587,I-2021001-00061,2024-02-15,A1000100100000#2024-02-15#I-2021001-00061#121#1,2021001,2021001#A1000100100000#2024-02-15#I-2021001-00061#121#1,001,A1000100100000,121,MG3,2021001,20,20,0,1,ไร่,001
MG1#2021093#I-2021093-00548#315#1#P2100100200600,MG1#2021093#I-2021093-00548#315#1#P2100100200600,ไม้สน,"""ขนาด 2.5""""ยาว 4.00 ม.""",383,I-2021093-00548,2024-09-06,P2100100200600#2024-09-06#I-2021093-00548#315#1,2021093,2021093#P2100100200600#2024-09-06#I-2021093-00548#315#1,001,P2100100200600,315,MG1,2021093,20,20,0,1,ท่อน,001
MG3#2021001#I-2021001-00061#214#1#9GFL0025100202,MG3#2021001#I-2021001-00061#214#1#9GFL0025100202,IMPERIAL TEXTURE,"""12 """"X12 """"X3/32 """"""",587,I-2021001-00061,2024-02-15,9GFL0025100202#2024-02-15#I-2021001-00061#214#1,2021001,2021001#9GFL0025100202#2024-02-15#I-2021001-00061#214#1,001,9GFL0025100202,214,MG3,2021001,20,20,0,1,SQM,001
MG5#2021004#I-2021004-00042#1#1#P2400104000700,MG5#2021004#I-2021004-00042#1#1#P2400104000700,น้ำมันเชื้อเพลิง,แก๊สโซฮอล 95,838,I-2021004-00042,2023-06-09,P2400104000700#2023-06-09#I-2021004-00042#1#1,2021004,2021004#P2400104000700#2023-06-09#I-2021004-00042#1#1,001,P2400104000700,1,MG5,2021004,20,20,0,1,ลิตร,001
MG1#2021093#I-2021093-00548#605#1#P2100100201400,MG1#2021093#I-2021093-00548#605#1#P2100100201400,ไม้สน,"""ขนาด 4""""ยาว 5.00 ม.""",383,I-2021093-00548,2024-09-06,P2100100201400#2024-09-06#I-2021093-00548#605#1,2021093,2021093#P2100100201400#2024-09-06#I-2021093-00548#605#1,001,P2100100201400,605,MG1,2021093,20,20,0,1,ท่อน,001
MG1#2021093#I-2021093-00548#62#1#P2100100301300,MG1#2021093#I-2021093-00548#62#1#P2100100301300,ไม้เนื้อแข็ง,"""ขนาด 1.5""""x3"""" ยาว 5.00 ม.""",383,I-2021093-00548,2024-09-06,P2100100301300#2024-09-06#I-2021093-00548#62#1,2021093,2021093#P2100100301300#2024-09-06#I-2021093-00548#62#1,001,P2100100301300,62,MG1,2021093,20,20,0,1,ท่อน,001
MG3#2021001#I-2021001-00061#37#1#A1000100100000,MG3#2021001#I-2021001-00061#37#1#A1000100100000,ที่ดิน,ที่ดิน (Spec),587,I-2021001-00061,2024-02-15,A1000100100000#2024-02-15#I-2021001-00061#37#1,2021001,2021001#A1000100100000#2024-02-15#I-2021001-00061#37#1,001,A1000100100000,37,MG3,2021001,20,20,0,1,ไร่,001
MG5#2021004#I-2021004-00085#353#1#FGFL0020100100,MG5#2021004#I-2021004-00085#353#1#FGFL0020100100,Armstrong Pastell Conductive,2.2mm 1.83x25M @ 45.75sqm,586,I-2021004-00085,2024-02-16,FGFL0020100100#2024-02-16#I-2021004-00085#353#1,2021004,2021004#FGFL0020100100#2024-02-16#I-2021004-00085#353#1,001,FGFL0020100100,353,MG5,2021004,20,20,0,1,SQM,001
MG1#2021093#I-2021093-00548#268#1#P2100100800202,MG1#2021093#I-2021093-00548#268#1#P2100100800202,ไม้ระแนง,"""ขนาด 1""""x6""""ยาว 5.00 ม.""",383,I-2021093-00548,2024-09-06,P2100100800202#2024-09-06#I-2021093-00548#268#1,2021093,2021093#P2100100800202#2024-09-06#I-2021093-00548#268#1,001,P2100100800202,268,MG1,2021093,20,20,0,1,แผ่น12345,001
MG1#2021093#I-2021093-00548#905#1#P2100100301000,MG1#2021093#I-2021093-00548#905#1#P2100100301000,ไม้เนื้อแข็ง,"""ขนาด 1.5""""x3""""ยาว 3.50 ม.""",383,I-2021093-00548,2024-09-06,P2100100301000#2024-09-06#I-2021093-00548#905#1,2021093,2021093#P2100100301000#2024-09-06#I-2021093-00548#905#1,001,P2100100301000,905,MG1,2021093,20,20,0,1,ท่อน,001
MG5#2021004#I-2021004-00085#398#1#9GFL0025100202,MG5#2021004#I-2021004-00085#398#1#9GFL0025100202,IMPERIAL TEXTURE,"""12 """"X12 """"X3/32 """"""",586,I-2021004-00085,2024-02-16,9GFL0025100202#2024-02-16#I-2021004-00085#398#1,2021004,2021004#9GFL0025100202#2024-02-16#I-2021004-00085#398#1,001,9GFL0025100202,398,MG5,2021004,20,20,0,1,SQM,001
MG1#2021093#I-2021093-00548#151#1#P2100100300800,MG1#2021093#I-2021093-00548#151#1#P2100100300800,ไม้เนื้อแข็ง,"""ขนาด 1.5""""x3"""" ยาว 2.50 ม.""",383,I-2021093-00548,2024-09-06,P2100100300800#2024-09-06#I-2021093-00548#151#1,2021093,2021093#P2100100300800#2024-09-06#I-2021093-00548#151#1,001,P2100100300800,151,MG1,2021093,20,20,0,1,ท่อน,001
MG1#2021093#I-2021093-00548#884#1#P2100100201100,MG1#2021093#I-2021093-00548#884#1#P2100100201100,ไม้สน,"""ขนาด 3""""ยาว 6.00 ม.""",383,I-2021093-00548,2024-09-06,P2100100201100#2024-09-06#I-2021093-00548#884#1,2021093,2021093#P2100100201100#2024-09-06#I-2021093-00548#884#1,001,P2100100201100,884,MG1,2021093,20,20,0,1,ท่อน,001
MG1#2021152#T-2021137-00006#1#1#P3000100200100,MG1#2021152#T-2021137-00006#1#1#P3000100200100,อิฐมอญรู 4 รู,มอก.,1511,T-2021137-00006,2021-08-05,P3000100200100#2021-08-05#T-2021137-00006#1#1,2021152,2021152#P3000100200100#2021-08-05#T-2021137-00006#1#1,11011001,P3000100200100,1,MG1,2021152,20,20,0,1,ก้อน,11011001
MG1#2021093#I-2021093-00548#1526#1#P2100100102300,MG1#2021093#I-2021093-00548#1526#1#P2100100102300,ไม้ยูคาลิปตัส,"""ขนาด 5""""ยาว 4.00 ม.""",383,I-2021093-00548,2024-09-06,P2100100102300#2024-09-06#I-2021093-00548#1526#1,2021093,2021093#P2100100102300#2024-09-06#I-2021093-00548#1526#1,001,P2100100102300,1526,MG1,2021093,20,20,0,1,ท่อน,001
MG3#2021001#I-2021001-00061#7#1#9GFL0010300202,MG3#2021001#I-2021001-00061#7#1#9GFL0010300202,ARMALON NG,"""2MM GAUGE, 1.83M WIDE""",587,I-2021001-00061,2024-02-15,9GFL0010300202#2024-02-15#I-2021001-00061#7#1,2021001,2021001#9GFL0010300202#2024-02-15#I-2021001-00061#7#1,001,9GFL0010300202,7,MG3,2021001,20,20,0,1,SQM,001
MG1#2021093#I-2021093-00548#607#1#P2100100201600,MG1#2021093#I-2021093-00548#607#1#P2100100201600,ไม้สน,"""ขนาด 5""""ยาว 6.00 ม.""",383,I-2021093-00548,2024-09-06,P2100100201600#2024-09-06#I-2021093-00548#607#1,2021093,2021093#P2100100201600#2024-09-06#I-2021093-00548#607#1,001,P2100100201600,607,MG1,2021093,20,20,0,1,ท่อน,001
MG1#2021093#I-2021093-00548#1163#1#P2100100200800,MG1#2021093#I-2021093-00548#1163#1#P2100100200800,ไม้สน,"""ขนาด 3""""ยาว 3.00 ม.""",383,I-2021093-00548,2024-09-06,P2100100200800#2024-09-06#I-2021093-00548#1163#1,2021093,2021093#P2100100200800#2024-09-06#I-2021093-00548#1163#1,001,P2100100200800,1163,MG1,2021093,20,20,0,1,ท่อน,001
MG1#2021093#I-2021093-00548#1087#1#P2100100300400,MG1#2021093#I-2021093-00548#1087#1#P2100100300400,ไม้เนื้อแข็ง,"""ขนาด 1.5""""x1.5""""ยาว 2.00 ม.""",383,I-2021093-00548,2024-09-06,P2100100300400#2024-09-06#I-2021093-00548#1087#1,2021093,2021093#P2100100300400#2024-09-06#I-2021093-00548#1087#1,001,P2100100300400,1087,MG1,2021093,20,20,0,1,ท่อน,001
MG3#2021001#I-2021001-00061#58#1#9GFL0025100202,MG3#2021001#I-2021001-00061#58#1#9GFL0025100202,IMPERIAL TEXTURE,"""12 """"X12 """"X3/32 """"""",587,I-2021001-00061,2024-02-15,9GFL0025100202#2024-02-15#I-2021001-00061#58#1,2021001,2021001#9GFL0025100202#2024-02-15#I-2021001-00061#58#1,001,9GFL0025100202,58,MG3,2021001,20,20,0,1,SQM,001
MG1#2021093#I-2021093-00548#255#1#P2100100500100,MG1#2021093#I-2021093-00548#255#1#P2100100500100,ไม้กระดาน,"""ขนาด 1""""x6""""ยาว 5.00 ม.""",383,I-2021093-00548,2024-09-06,P2100100500100#2024-09-06#I-2021093-00548#255#1,2021093,2021093#P2100100500100#2024-09-06#I-2021093-00548#255#1,001,P2100100500100,255,MG1,2021093,20,20,0,1,แผ่น12345,001
MG1#2021093#I-2021093-00548#1436#1#P2100100102700,MG1#2021093#I-2021093-00548#1436#1#P2100100102700,ไม้ยูคาลิปตัส,"""ขนาด 6""""ยาว 4.00 ม.""",383,I-2021093-00548,2024-09-06,P2100100102700#2024-09-06#I-2021093-00548#1436#1,2021093,2021093#P2100100102700#2024-09-06#I-2021093-00548#1436#1,001,P2100100102700,1436,MG1,2021093,20,20,0,1,ท่อน,001
MG5#2021004#I-2021004-00085#181#1#A1000100100000,MG5#2021004#I-2021004-00085#181#1#A1000100100000,ที่ดิน,ที่ดิน (Spec),586,I-2021004-00085,2024-02-16,A1000100100000#2024-02-16#I-2021004-00085#181#1,2021004,2021004#A1000100100000#2024-02-16#I-2021004-00085#181#1,001,A1000100100000,181,MG5,2021004,20,20,0,1,ไร่,001
MG5#2021004#I-2021004-00082#1#1#P2000100200000,MG5#2021004#I-2021004-00082#1#1#P2000100200000,ดินปนทราย,,588,I-2021004-00082,2024-02-14,P2000100200000#2024-02-14#I-2021004-00082#1#1,2021004,2021004#P2000100200000#2024-02-14#I-2021004-00082#1#1,001,P2000100200000,1,MG5,2021004,24.51,25.51,1,1,ลบ.ม.,001
MG5#2021004#I-2021004-00031#2#1#P2000100700000,MG5#2021004#I-2021004-00031#2#1#P2000100700000,หินคลุก,,931,I-2021004-00031,2023-03-08,P2000100700000#2023-03-08#I-2021004-00031#2#1,2021004,2021004#P2000100700000#2023-03-08#I-2021004-00031#2#1,001,P2000100700000,2,MG5,2021004,29,30,1,1,ลบ.ม.,001
MG1#2021142#I-2021142-00034#3#1#P4000100300801,MG1#2021142#I-2021142-00034#3#1#P4000100300801,บล็อคทางเท้า C-PAC ศิลาเหลี่ยมสีส้ม,20x20x6 ซม.,196,I-2021142-00034,2025-03-12,P4000100300801#2025-03-12#I-2021142-00034#3#1,2021142,2021142#P4000100300801#2025-03-12#I-2021142-00034#3#1,WH01,P4000100300801,3,MG1,2021142,30,30,0,1,ก้อน,WH01
MG1#2021093#I-2021093-00522#2#1#10300010100101,MG1#2021093#I-2021093-00522#2#1#10300010100101,ฝ้าลอย,Size 16 X 16,481,I-2021093-00522,2024-05-31,10300010100101#2024-05-31#I-2021093-00522#2#1,2021093,2021093#10300010100101#2024-05-31#I-2021093-00522#2#1,001,10300010100101,2,MG1,2021093,32,50,18,1,แผ่น12345,001
MG5#2021006#I-2021006-00015#38#1#P2000100400100,MG5#2021006#I-2021006-00015#38#1#P2000100400100,หิน,เบอร์ 1,725,I-2021006-00015,2023-09-30,P2000100400100#2023-09-30#I-2021006-00015#38#1,2021006,2021006#P2000100400100#2023-09-30#I-2021006-00015#38#1,W1,P2000100400100,38,MG5,2021006,32.25,32.25,0,1,ลบ.ม.,W1
MG1#2023123#I-2023123-00001#1#1#P2000101700000,MG1#2023123#I-2023123-00001#1#1#P2000101700000,หินกรวด (เม็ดใหญ่),,814,I-2023123-00001,2023-07-03,P2000101700000#2023-07-03#I-2023123-00001#1#1,2023123,2023123#P2000101700000#2023-07-03#I-2023123-00001#1#1,01,P2000101700000,1,MG1,2023123,35,50,15,1,กระสอบ,01
MG1#2022068#I-2022068-00001#2#1#P1050100100200,MG1#2022068#I-2022068-00001#2#1#P1050100100200,เหล็กเส้นกลม test,SR 24 RB9mm. ยาว 10.00 m.,814,I-2022068-00001,2023-07-03,P1050100100200#2023-07-03#I-2022068-00001#2#1,2022068,2022068#P1050100100200#2023-07-03#I-2022068-00001#2#1,001,P1050100100200,2,MG1,2022068,36,36,0,1,เส้น,001
MG1#2023153#I-2023153-00001#256#1#P1100100117200,MG1#2023153#I-2023153-00001#256#1#P1100100117200,เหล็กท่อดำ,139.8x5.0 mm.,762,I-2023153-00001,2023-08-24,P1100100117200#2023-08-24#I-2023153-00001#256#1,2023153,2023153#P1100100117200#2023-08-24#I-2023153-00001#256#1,001,P1100100117200,256,MG1,2023153,50,50,0,1,เส้น,001
MG1#2021035#I-2021035-00010#3#1#A1050100700000,MG1#2021035#I-2021035-00010#3#1#A1050100700000,กล้องเลเซอร์ ( Laser ),,1163,I-2021035-00010,2022-07-19,A1050100700000#2022-07-19#I-2021035-00010#3#1,2021035,2021035#A1050100700000#2022-07-19#I-2021035-00010#3#1,001,A1050100700000,3,MG1,2021035,50,50,0,1,ตัว,001
MG1#2023153#I-2023153-00001#2359#1#P2400103002600,MG1#2023153#I-2023153-00001#2359#1#P2400103002600,สายยาง/สายส่ง/สายรัดของ,"""เคเบิลไทร์ 8""""""",762,I-2023153-00001,2023-08-24,P2400103002600#2023-08-24#I-2023153-00001#2359#1,2023153,2023153#P2400103002600#2023-08-24#I-2023153-00001#2359#1,001,P2400103002600,2359,MG1,2023153,50,50,0,1,เส้น,001
MG1#2023153#I-2023153-00001#1474#1#P2400100601700,MG1#2023153#I-2023153-00001#1474#1#P2400100601700,เกียง/สามเหลี่ยมปาดปูน,สามเหลี่ยมปาดปูน 1.50 ม.,762,I-2023153-00001,2023-08-24,P2400100601700#2023-08-24#I-2023153-00001#1474#1,2023153,2023153#P2400100601700#2023-08-24#I-2023153-00001#1474#1,001,P2400100601700,1474,MG1,2023153,50,50,0,1,อัน,001
MG1#2023153#I-2023153-00001#933#1#P1100100906600,MG1#2023153#I-2023153-00001#933#1#P1100100906600,เหล็ก Flat Bar,100x12mm.6m. /เส้น,762,I-2023153-00001,2023-08-24,P1100100906600#2023-08-24#I-2023153-00001#933#1,2023153,2023153#P1100100906600#2023-08-24#I-2023153-00001#933#1,001,P1100100906600,933,MG1,2023153,50,50,0,1,เส้น,001
MG1#2023153#I-2023153-00001#1979#1#P2400102500800,MG1#2023153#I-2023153-00001#1979#1#P2400102500800,ผ้าใบ/กระดาษ/โฟม/ตาข่าย,ผ้าใบกันไฟ,762,I-2023153-00001,2023-08-24,P2400102500800#2023-08-24#I-2023153-00001#1979#1,2023153,2023153#P2400102500800#2023-08-24#I-2023153-00001#1979#1,001,P2400102500800,1979,MG1,2023153,50,50,0,1,ม้วน,001
MG1#2023153#I-2023153-00001#2640#1#P2400104502900,MG1#2023153#I-2023153-00001#2640#1#P2400104502900,ชุดปฐมพยาบาล,ยาขับลม Air-X,762,I-2023153-00001,2023-08-24,P2400104502900#2023-08-24#I-2023153-00001#2640#1,2023153,2023153#P2400104502900#2023-08-24#I-2023153-00001#2640#1,001,P2400104502900,2640,MG1,2023153,50,50,0,1,กล่อง,001
MG1#2023153#I-2023153-00001#580#1#P1100100502000,MG1#2023153#I-2023153-00001#580#1#P1100100502000,เหล็กรางน้ำ,250x90x11x14.5 mm.,762,I-2023153-00001,2023-08-24,P1100100502000#2023-08-24#I-2023153-00001#580#1,2023153,2023153#P1100100502000#2023-08-24#I-2023153-00001#580#1,001,P1100100502000,580,MG1,2023153,50,50,0,1,เส้น,001
MG1#2023153#I-2023153-00001#73#1#P1050100201100,MG1#2023153#I-2023153-00001#73#1#P1050100201100,เหล็กข้ออ้อย,SD 40 DB25mm.ยาว 12.00 m.,762,I-2023153-00001,2023-08-24,P1050100201100#2023-08-24#I-2023153-00001#73#1,2023153,2023153#P1050100201100#2023-08-24#I-2023153-00001#73#1,001,P1050100201100,73,MG1,2023153,50,50,0,1,เส้น,001
MG1#2023153#I-2023153-00001#543#1#P1100100401000,MG1#2023153#I-2023153-00001#543#1#P1100100401000,เหล็กตัวซี,C-75x45x15x3.2 mm.,762,I-2023153-00001,2023-08-24,P1100100401000#2023-08-24#I-2023153-00001#543#1,2023153,2023153#P1100100401000#2023-08-24#I-2023153-00001#543#1,001,P1100100401000,543,MG1,2023153,50,50,0,1,เส้น,001
MG1#2023153#I-2023153-00001#2228#1#P2400102706500,MG1#2023153#I-2023153-00001#2228#1#P2400102706500,ดอกสว่าน,"""ดอกสว่านเจาะเหล็ก 3/8""""""",762,I-2023153-00001,2023-08-24,P2400102706500#2023-08-24#I-2023153-00001#2228#1,2023153,2023153#P2400102706500#2023-08-24#I-2023153-00001#2228#1,001,P2400102706500,2228,MG1,2023153,50,50,0,1,ดอก,001
MG1#2023153#I-2023153-00001#2329#1#P2400102902400,MG1#2023153#I-2023153-00001#2329#1#P2400102902400,ซิลิโคน+ปืนยิง+กระบอกฉีด,กาวยาง DUNLOP,762,I-2023153-00001,2023-08-24,P2400102902400#2023-08-24#I-2023153-00001#2329#1,2023153,2023153#P2400102902400#2023-08-24#I-2023153-00001#2329#1,001,P2400102902400,2329,MG1,2023153,50,50,0,1,กระป๋อง,001
MG1#2023153#I-2023153-00001#349#1#P1100100201900,MG1#2023153#I-2023153-00001#349#1#P1100100201900,เหล็กกล่อง,50x20x1.8 mm.,762,I-2023153-00001,2023-08-24,P1100100201900#2023-08-24#I-2023153-00001#349#1,2023153,2023153#P1100100201900#2023-08-24#I-2023153-00001#349#1,001,P1100100201900,349,MG1,2023153,50,50,0,1,เส้น,001
MG1#2023153#I-2023153-00001#2669#1#P3000100500200,MG1#2023153#I-2023153-00001#2669#1#P3000100500200,บล็อคแก้ว,ขนาด 0.20x0.60 m.หนา 7 cm.,762,I-2023153-00001,2023-08-24,P3000100500200#2023-08-24#I-2023153-00001#2669#1,2023153,2023153#P3000100500200#2023-08-24#I-2023153-00001#2669#1,001,P3000100500200,2669,MG1,2023153,50,50,0,1,ก้อน,001
MG1#2023153#I-2023153-00001#1183#1#P2050100101900,MG1#2023153#I-2023153-00001#1183#1#P2050100101900,เสาเข็มตัวไอ,ขนาด 0.22x0.22 ม.ยาว 18 เมตร,762,I-2023153-00001,2023-08-24,P2050100101900#2023-08-24#I-2023153-00001#1183#1,2023153,2023153#P2050100101900#2023-08-24#I-2023153-00001#1183#1,001,P2050100101900,1183,MG1,2023153,50,50,0,1,ต้น,001
MG1#2023153#I-2023153-00001#2201#1#P2400102703800,MG1#2023153#I-2023153-00001#2201#1#P2400102703800,ดอกสว่าน,ดอกสว่านเจาะปูน ขนาด 28x210 มม.,762,I-2023153-00001,2023-08-24,P2400102703800#2023-08-24#I-2023153-00001#2201#1,2023153,2023153#P2400102703800#2023-08-24#I-2023153-00001#2201#1,001,P2400102703800,2201,MG1,2023153,50,50,0,1,ดอก,001
MG1#2023153#I-2023153-00001#80#1#P1050100201800,MG1#2023153#I-2023153-00001#80#1#P1050100201800,เหล็กข้ออ้อย,SD 50 DB32mm.ยาว 10.00 m.,762,I-2023153-00001,2023-08-24,P1050100201800#2023-08-24#I-2023153-00001#80#1,2023153,2023153#P1050100201800#2023-08-24#I-2023153-00001#80#1,001,P1050100201800,80,MG1,2023153,50,50,0,1,เส้น,001
MG1#2023153#I-2023153-00001#1581#1#P2400101600900,MG1#2023153#I-2023153-00001#1581#1#P2400101600900,มีด/ใบมีด/กรรไกร,"""กรรไกรตัดเหล็ก 32""""""",762,I-2023153-00001,2023-08-24,P2400101600900#2023-08-24#I-2023153-00001#1581#1,2023153,2023153#P2400101600900#2023-08-24#I-2023153-00001#1581#1,001,P2400101600900,1581,MG1,2023153,50,50,0,1,ใบ,001
MG1#2023153#I-2023153-00001#780#1#P1100100800500,MG1#2023153#I-2023153-00001#780#1#P1100100800500,เหล็ก H-BEAM,125x125x6.5x9 มม.6m. /เส้น,762,I-2023153-00001,2023-08-24,P1100100800500#2023-08-24#I-2023153-00001#780#1,2023153,2023153#P1100100800500#2023-08-24#I-2023153-00001#780#1,001,P1100100800500,780,MG1,2023153,50,50,0,1,เส้น,001
MG1#2023153#I-2023153-00001#2103#1#P2400102609400,MG1#2023153#I-2023153-00001#2103#1#P2400102609400,ประแจ/ไขควง/เหล็กดูด/ปากกาจับชิ้นงาน,ดอกไขควงแฉก(ใช้กับสว่านไร้สาย),762,I-2023153-00001,2023-08-24,P2400102609400#2023-08-24#I-2023153-00001#2103#1,2023153,2023153#P2400102609400#2023-08-24#I-2023153-00001#2103#1,001,P2400102609400,2103,MG1,2023153,50,50,0,1,โหล,001
MG1#2023153#I-2023153-00001#701#1#P1100100709700,MG1#2023153#I-2023153-00001#701#1#P1100100709700,เหล็ก WF,300x300x10x15 mm.12 m./เส้น,762,I-2023153-00001,2023-08-24,P1100100709700#2023-08-24#I-2023153-00001#701#1,2023153,2023153#P1100100709700#2023-08-24#I-2023153-00001#701#1,001,P1100100709700,701,MG1,2023153,50,50,0,1,เส้น,001
MG1#2022096#I-2022096-00025#1#1#10100060000101,MG1#2022096#I-2022096-00025#1#1#10100060000101,กระเบื้องแกรนนิโต้,แกรนนิโต้ สีดำ,687,I-2022096-00025,2023-11-07,10100060000101#2023-11-07#I-2022096-00025#1#1,2022096,2022096#10100060000101#2023-11-07#I-2022096-00025#1#1,001,10100060000101,1,MG1,2022096,50,50,0,1,กล่อง,001
MG1#2023153#I-2023153-00001#1117#1#P1100101108500,MG1#2023153#I-2023153-00001#1117#1#P1100101108500,เหล็กแผ่นลาย,200x150x9mm.,762,I-2023153-00001,2023-08-24,P1100101108500#2023-08-24#I-2023153-00001#1117#1,2023153,2023153#P1100101108500#2023-08-24#I-2023153-00001#1117#1,001,P1100101108500,1117,MG1,2023153,50,50,0,1,แผ่น12345,001
MG1#2023153#I-2023153-00001#74#1#P1050100201200,MG1#2023153#I-2023153-00001#74#1#P1050100201200,เหล็กข้ออ้อย,SD 40 DB28mm.ยาว 10.00 m.,762,I-2023153-00001,2023-08-24,P1050100201200#2023-08-24#I-2023153-00001#74#1,2023153,2023153#P1050100201200#2023-08-24#I-2023153-00001#74#1,001,P1050100201200,74,MG1,2023153,50,50,0,1,เส้น,001
MG1#2023153#I-2023153-00001#1035#1#P1100101100300,MG1#2023153#I-2023153-00001#1035#1#P1100101100300,เหล็กแผ่นลาย,4'x8'x1.5mm.,762,I-2023153-00001,2023-08-24,P1100101100300#2023-08-24#I-2023153-00001#1035#1,2023153,2023153#P1100101100300#2023-08-24#I-2023153-00001#1035#1,001,P1100101100300,1035,MG1,2023153,50,50,0,1,แผ่น12345,001
MG1#2023153#I-2023153-00001#198#1#P1100100111400,MG1#2023153#I-2023153-00001#198#1#P1100100111400,เหล็กท่อดำ,76.3x6.0 mm.,762,I-2023153-00001,2023-08-24,P1100100111400#2023-08-24#I-2023153-00001#198#1,2023153,2023153#P1100100111400#2023-08-24#I-2023153-00001#198#1,001,P1100100111400,198,MG1,2023153,50,50,0,1,เส้น,001
MG1#2023153#I-2023153-00001#977#1#P1100100911000,MG1#2023153#I-2023153-00001#977#1#P1100100911000,เหล็ก Flat Bar,400x9 mm.6m. /เส้น,762,I-2023153-00001,2023-08-24,P1100100911000#2023-08-24#I-2023153-00001#977#1,2023153,2023153#P1100100911000#2023-08-24#I-2023153-00001#977#1,001,P1100100911000,977,MG1,2023153,50,50,0,1,เส้น,001
MG1#2023153#I-2023153-00001#1873#1#P2400102102100,MG1#2023153#I-2023153-00001#1873#1#P2400102102100,แปรง,"""แปรงทาชแล็ค 3""""""",762,I-2023153-00001,2023-08-24,P2400102102100#2023-08-24#I-2023153-00001#1873#1,2023153,2023153#P2400102102100#2023-08-24#I-2023153-00001#1873#1,001,P2400102102100,1873,MG1,2023153,50,50,0,1,โหล,001
MG1#2023153#I-2023153-00001#724#1#P1100100712100,MG1#2023153#I-2023153-00001#724#1#P1100100712100,เหล็ก WF,400x400x18x28 mm.6m. /เส้น,762,I-2023153-00001,2023-08-24,P1100100712100#2023-08-24#I-2023153-00001#724#1,2023153,2023153#P1100100712100#2023-08-24#I-2023153-00001#724#1,001,P1100100712100,724,MG1,2023153,50,50,0,1,เส้น,001
MG1#2023153#I-2023153-00001#2#1#P1000100100001,MG1#2023153#I-2023153-00001#2#1#P1000100100001,คอนกรีตหยาบ1คอนกรีตหยาบ2คอนกรีตหยาบ3คอนกรีตหยาบ4คอนกรีตหยาบ5คอนกรีตหยาบ6,1111122222333334444455555666667777788888999991010101010,762,I-2023153-00001,2023-08-24,P1000100100001#2023-08-24#I-2023153-00001#2#1,2023153,2023153#P1000100100001#2023-08-24#I-2023153-00001#2#1,001,P1000100100001,2,MG1,2023153,50,50,0,1,คิว,001
MG1#2023153#I-2023153-00001#2432#1#P2400103501500,MG1#2023153#I-2023153-00001#2432#1#P2400103501500,วัสดุกันซึม,WATER PLUG,762,I-2023153-00001,2023-08-24,P2400103501500#2023-08-24#I-2023153-00001#2432#1,2023153,2023153#P2400103501500#2023-08-24#I-2023153-00001#2432#1,001,P2400103501500,2432,MG1,2023153,50,50,0,1,แกลลอน,001
MG1#2023153#I-2023153-00001#1664#1#P2400101707900,MG1#2023153#I-2023153-00001#1664#1#P2400101707900,ใบตัด/ใบเจียร/ใบขัด,ขดลวด เครื่องสกัดไฟฟ้า รุ่น HM 0810 TA,762,I-2023153-00001,2023-08-24,P2400101707900#2023-08-24#I-2023153-00001#1664#1,2023153,2023153#P2400101707900#2023-08-24#I-2023153-00001#1664#1,001,P2400101707900,1664,MG1,2023153,50,50,0,1,EA,001
MG1#2023153#I-2023153-00002#2#1#B1000101300000,MG1#2023153#I-2023153-00002#2#1#B1000101300000,กระดาษ ชำระม้วนใหญ่,,762,I-2023153-00002,2023-08-24,B1000101300000#2023-08-24#I-2023153-00002#2#1,2023153,2023153#B1000101300000#2023-08-24#I-2023153-00002#2#1,001,B1000101300000,2,MG1,2023153,62,62,0,1,กล่อง,001
MG1#2021093#I-2021093-00547#26#1#P1100100904300,MG1#2021093#I-2021093-00547#26#1#P1100100904300,เหล็ก Flat Bar,70x3 mm.6m. /เส้น,384,I-2021093-00547,2024-09-05,P1100100904300#2024-09-05#I-2021093-00547#26#1,2021093,2021093#P1100100904300#2024-09-05#I-2021093-00547#26#1,001,P1100100904300,26,MG1,2021093,81,82,1,1,เส้น,001
MG3#2021001#I-2021001-00061#460#1#9GFL0010300202,MG3#2021001#I-2021001-00061#460#1#9GFL0010300202,ARMALON NG,"""2MM GAUGE, 1.83M WIDE""",587,I-2021001-00061,2024-02-15,9GFL0010300202#2024-02-15#I-2021001-00061#460#1,2021001,2021001#9GFL0010300202#2024-02-15#I-2021001-00061#460#1,001,9GFL0010300202,460,MG3,2021001,88,88,0,1,SQM,001
MG3#2021001#I-2021001-00061#71#1#9GFL0010300202,MG3#2021001#I-2021001-00061#71#1#9GFL0010300202,ARMALON NG,"""2MM GAUGE, 1.83M WIDE""",587,I-2021001-00061,2024-02-15,9GFL0010300202#2024-02-15#I-2021001-00061#71#1,2021001,2021001#9GFL0010300202#2024-02-15#I-2021001-00061#71#1,001,9GFL0010300202,71,MG3,2021001,88,88,0,1,SQM,001
MG5#2021004#I-2021004-00085#137#1#A1000100100000,MG5#2021004#I-2021004-00085#137#1#A1000100100000,ที่ดิน,ที่ดิน (Spec),586,I-2021004-00085,2024-02-16,A1000100100000#2024-02-16#I-2021004-00085#137#1,2021004,2021004#A1000100100000#2024-02-16#I-2021004-00085#137#1,001,A1000100100000,137,MG5,2021004,88,88,0,1,ไร่,001
MG3#2021001#I-2021001-00061#363#1#9GFL0025100202,MG3#2021001#I-2021001-00061#363#1#9GFL0025100202,IMPERIAL TEXTURE,"""12 """"X12 """"X3/32 """"""",587,I-2021001-00061,2024-02-15,9GFL0025100202#2024-02-15#I-2021001-00061#363#1,2021001,2021001#9GFL0025100202#2024-02-15#I-2021001-00061#363#1,001,9GFL0025100202,363,MG3,2021001,88,88,0,1,SQM,001
MG3#2021001#I-2021001-00061#465#1#9GFL0010300202,MG3#2021001#I-2021001-00061#465#1#9GFL0010300202,ARMALON NG,"""2MM GAUGE, 1.83M WIDE""",587,I-2021001-00061,2024-02-15,9GFL0010300202#2024-02-15#I-2021001-00061#465#1,2021001,2021001#9GFL0010300202#2024-02-15#I-2021001-00061#465#1,001,9GFL0010300202,465,MG3,2021001,88,88,0,1,SQM,001
MG3#2021001#I-2021001-00061#170#1#9GFL0025100202,MG3#2021001#I-2021001-00061#170#1#9GFL0025100202,IMPERIAL TEXTURE,"""12 """"X12 """"X3/32 """"""",587,I-2021001-00061,2024-02-15,9GFL0025100202#2024-02-15#I-2021001-00061#170#1,2021001,2021001#9GFL0025100202#2024-02-15#I-2021001-00061#170#1,001,9GFL0025100202,170,MG3,2021001,88,88,0,1,SQM,001
MG3#2021001#I-2021001-00061#378#1#9GFL0010300202,MG3#2021001#I-2021001-00061#378#1#9GFL0010300202,ARMALON NG,"""2MM GAUGE, 1.83M WIDE""",587,I-2021001-00061,2024-02-15,9GFL0010300202#2024-02-15#I-2021001-00061#378#1,2021001,2021001#9GFL0010300202#2024-02-15#I-2021001-00061#378#1,001,9GFL0010300202,378,MG3,2021001,88,88,0,1,SQM,001
MG5#2021004#I-2021004-00085#98#1#9GFL0025100202,MG5#2021004#I-2021004-00085#98#1#9GFL0025100202,IMPERIAL TEXTURE,"""12 """"X12 """"X3/32 """"""",586,I-2021004-00085,2024-02-16,9GFL0025100202#2024-02-16#I-2021004-00085#98#1,2021004,2021004#9GFL0025100202#2024-02-16#I-2021004-00085#98#1,001,9GFL0025100202,98,MG5,2021004,88,88,0,1,SQM,001
MG5#2021004#I-2021004-00085#288#1#A1000100100000,MG5#2021004#I-2021004-00085#288#1#A1000100100000,ที่ดิน,ที่ดิน (Spec),586,I-2021004-00085,2024-02-16,A1000100100000#2024-02-16#I-2021004-00085#288#1,2021004,2021004#A1000100100000#2024-02-16#I-2021004-00085#288#1,001,A1000100100000,288,MG5,2021004,88,88,0,1,ไร่,001
MG3#2021001#I-2021001-00061#276#1#A1000100100000,MG3#2021001#I-2021001-00061#276#1#A1000100100000,ที่ดิน,ที่ดิน (Spec),587,I-2021001-00061,2024-02-15,A1000100100000#2024-02-15#I-2021001-00061#276#1,2021001,2021001#A1000100100000#2024-02-15#I-2021001-00061#276#1,001,A1000100100000,276,MG3,2021001,88,88,0,1,ไร่,001
MG3#2021001#I-2021001-00061#248#1#FGFL0020100100,MG3#2021001#I-2021001-00061#248#1#FGFL0020100100,Armstrong Pastell Conductive,2.2mm 1.83x25M @ 45.75sqm,587,I-2021001-00061,2024-02-15,FGFL0020100100#2024-02-15#I-2021001-00061#248#1,2021001,2021001#FGFL0020100100#2024-02-15#I-2021001-00061#248#1,001,FGFL0020100100,248,MG3,2021001,88,88,0,1,SQM,001
MG3#2021001#I-2021001-00061#62#1#9GFL0025100202,MG3#2021001#I-2021001-00061#62#1#9GFL0025100202,IMPERIAL TEXTURE,"""12 """"X12 """"X3/32 """"""",587,I-2021001-00061,2024-02-15,9GFL0025100202#2024-02-15#I-2021001-00061#62#1,2021001,2021001#9GFL0025100202#2024-02-15#I-2021001-00061#62#1,001,9GFL0025100202,62,MG3,2021001,88,88,0,1,SQM,001
MG5#2021004#I-2021004-00085#360#1#9GFL0010300202,MG5#2021004#I-2021004-00085#360#1#9GFL0010300202,ARMALON NG,"""2MM GAUGE, 1.83M WIDE""",586,I-2021004-00085,2024-02-16,9GFL0010300202#2024-02-16#I-2021004-00085#360#1,2021004,2021004#9GFL0010300202#2024-02-16#I-2021004-00085#360#1,001,9GFL0010300202,360,MG5,2021004,88,88,0,1,SQM,001
MG5#2021004#I-2021004-00085#101#1#A1000100100000,MG5#2021004#I-2021004-00085#101#1#A1000100100000,ที่ดิน,ที่ดิน (Spec),586,I-2021004-00085,2024-02-16,A1000100100000#2024-02-16#I-2021004-00085#101#1,2021004,2021004#A1000100100000#2024-02-16#I-2021004-00085#101#1,001,A1000100100000,101,MG5,2021004,88,88,0,1,ไร่,001
MG3#2021001#I-2021001-00061#132#1#FGFL0020100100,MG3#2021001#I-2021001-00061#132#1#FGFL0020100100,Armstrong Pastell Conductive,2.2mm 1.83x25M @ 45.75sqm,587,I-2021001-00061,2024-02-15,FGFL0020100100#2024-02-15#I-2021001-00061#132#1,2021001,2021001#FGFL0020100100#2024-02-15#I-2021001-00061#132#1,001,FGFL0020100100,132,MG3,2021001,89,89,0,1,SQM,001
MG5#2021004#I-2021004-00085#216#1#FGFL0020100100,MG5#2021004#I-2021004-00085#216#1#FGFL0020100100,Armstrong Pastell Conductive,2.2mm 1.83x25M @ 45.75sqm,586,I-2021004-00085,2024-02-16,FGFL0020100100#2024-02-16#I-2021004-00085#216#1,2021004,2021004#FGFL0020100100#2024-02-16#I-2021004-00085#216#1,001,FGFL0020100100,216,MG5,2021004,89,89,0,1,SQM,001
MG5#2021004#I-2021004-00085#111#1#9GFL0010300202,MG5#2021004#I-2021004-00085#111#1#9GFL0010300202,ARMALON NG,"""2MM GAUGE, 1.83M WIDE""",586,I-2021004-00085,2024-02-16,9GFL0010300202#2024-02-16#I-2021004-00085#111#1,2021004,2021004#9GFL0010300202#2024-02-16#I-2021004-00085#111#1,001,9GFL0010300202,111,MG5,2021004,89,89,0,1,SQM,001
MG3#2021001#I-2021001-00061#376#1#A1000100100000,MG3#2021001#I-2021001-00061#376#1#A1000100100000,ที่ดิน,ที่ดิน (Spec),587,I-2021001-00061,2024-02-15,A1000100100000#2024-02-15#I-2021001-00061#376#1,2021001,2021001#A1000100100000#2024-02-15#I-2021001-00061#376#1,001,A1000100100000,376,MG3,2021001,89,89,0,1,ไร่,001
MG5#2021004#I-2021004-00085#204#1#FGFL0020100100,MG5#2021004#I-2021004-00085#204#1#FGFL0020100100,Armstrong Pastell Conductive,2.2mm 1.83x25M @ 45.75sqm,586,I-2021004-00085,2024-02-16,FGFL0020100100#2024-02-16#I-2021004-00085#204#1,2021004,2021004#FGFL0020100100#2024-02-16#I-2021004-00085#204#1,001,FGFL0020100100,204,MG5,2021004,89,89,0,1,SQM,001
MG5#2021004#I-2021004-00085#277#1#9GFL0025100202,MG5#2021004#I-2021004-00085#277#1#9GFL0025100202,IMPERIAL TEXTURE,"""12 """"X12 """"X3/32 """"""",586,I-2021004-00085,2024-02-16,9GFL0025100202#2024-02-16#I-2021004-00085#277#1,2021004,2021004#9GFL0025100202#2024-02-16#I-2021004-00085#277#1,001,9GFL0025100202,277,MG5,2021004,89,89,0,1,SQM,001
MG5#2021004#I-2021004-00085#144#1#FGFL0020100100,MG5#2021004#I-2021004-00085#144#1#FGFL0020100100,Armstrong Pastell Conductive,2.2mm 1.83x25M @ 45.75sqm,586,I-2021004-00085,2024-02-16,FGFL0020100100#2024-02-16#I-2021004-00085#144#1,2021004,2021004#FGFL0020100100#2024-02-16#I-2021004-00085#144#1,001,FGFL0020100100,144,MG5,2021004,89,89,0,1,SQM,001
MG5#2021004#I-2021004-00085#406#1#9GFL0010300202,MG5#2021004#I-2021004-00085#406#1#9GFL0010300202,ARMALON NG,"""2MM GAUGE, 1.83M WIDE""",586,I-2021004-00085,2024-02-16,9GFL0010300202#2024-02-16#I-2021004-00085#406#1,2021004,2021004#9GFL0010300202#2024-02-16#I-2021004-00085#406#1,001,9GFL0010300202,406,MG5,2021004,89,89,0,1,SQM,001
MG5#2021004#I-2021004-00085#159#1#9GFL0010300202,MG5#2021004#I-2021004-00085#159#1#9GFL0010300202,ARMALON NG,"""2MM GAUGE, 1.83M WIDE""",586,I-2021004-00085,2024-02-16,9GFL0010300202#2024-02-16#I-2021004-00085#159#1,2021004,2021004#9GFL0010300202#2024-02-16#I-2021004-00085#159#1,001,9GFL0010300202,159,MG5,2021004,89,89,0,1,SQM,001
MG5#2021004#I-2021004-00085#114#1#9GFL0025100202,MG5#2021004#I-2021004-00085#114#1#9GFL0025100202,IMPERIAL TEXTURE,"""12 """"X12 """"X3/32 """"""",586,I-2021004-00085,2024-02-16,9GFL0025100202#2024-02-16#I-2021004-00085#114#1,2021004,2021004#9GFL0025100202#2024-02-16#I-2021004-00085#114#1,001,9GFL0025100202,114,MG5,2021004,89,89,0,1,SQM,001
MG3#2021001#I-2021001-00061#430#1#9GFL0010300202,MG3#2021001#I-2021001-00061#430#1#9GFL0010300202,ARMALON NG,"""2MM GAUGE, 1.83M WIDE""",587,I-2021001-00061,2024-02-15,9GFL0010300202#2024-02-15#I-2021001-00061#430#1,2021001,2021001#9GFL0010300202#2024-02-15#I-2021001-00061#430#1,001,9GFL0010300202,430,MG3,2021001,89,89,0,1,SQM,001
MG5#2021004#I-2021004-00085#24#1#FGFL0020100100,MG5#2021004#I-2021004-00085#24#1#FGFL0020100100,Armstrong Pastell Conductive,2.2mm 1.83x25M @ 45.75sqm,586,I-2021004-00085,2024-02-16,FGFL0020100100#2024-02-16#I-2021004-00085#24#1,2021004,2021004#FGFL0020100100#2024-02-16#I-2021004-00085#24#1,001,FGFL0020100100,24,MG5,2021004,89,89,0,1,SQM,001
MG3#2021001#I-2021001-00061#355#1#9GFL0025100202,MG3#2021001#I-2021001-00061#355#1#9GFL0025100202,IMPERIAL TEXTURE,"""12 """"X12 """"X3/32 """"""",587,I-2021001-00061,2024-02-15,9GFL0025100202#2024-02-15#I-2021001-00061#355#1,2021001,2021001#9GFL0025100202#2024-02-15#I-2021001-00061#355#1,001,9GFL0025100202,355,MG3,2021001,89,89,0,1,SQM,001
MG1#2021005#I-2021005-00029#2#1#P2100100100200,MG1#2021005#I-2021005-00029#2#1#P2100100100200,ไม้ยูคาลิปตัส,"""ขนาด 1 1/2""""ยาว 3.00 ม.""",1694,I-2021005-00029,2021-02-03,P2100100100200#2021-02-03#I-2021005-00029#2#1,2021005,2021005#P2100100100200#2021-02-03#I-2021005-00029#2#1,001,P2100100100200,2,MG1,2021005,90,90,0,1,ท่อน,001
MG1#2022040#I-2022040-00006#5#1#A1050104000000,MG1#2022040#I-2022040-00006#5#1#A1050104000000,เครื่องดัดเหล็ก (Bender),,1146,I-2022040-00006,2022-08-05,A1050104000000#2022-08-05#I-2022040-00006#5#1,2022040,2022040#A1050104000000#2022-08-05#I-2022040-00006#5#1,001,A1050104000000,5,MG1,2022040,99.9445,100,0.0555,1,เครื่อง,001
MG1#2021005#T-2021005-00005#1#1#P4100100100000,MG1#2021005#T-2021005-00005#1#1#P4100100100000,หญ้านวลน้อย,,1721,T-2021005-00005,2021-01-07,P4100100100000#2021-01-07#T-2021005-00005#1#1,2021005,2021005#P4100100100000#2021-01-07#T-2021005-00005#1#1,001,P4100100100000,1,MG1,2021005,100,100,0,1,ตร.ม.,001
MG5#2021004#I-2021004-00095#2#1#P1000100100104,MG5#2021004#I-2021004-00095#2#1#P1000100100104,คอนกรีตหยาบ,spec/size,504,I-2021004-00095,2024-05-08,P1000100100104#2024-05-08#I-2021004-00095#2#1,2021004,2021004#P1000100100104#2024-05-08#I-2021004-00095#2#1,001,P1000100100104,2,MG5,2021004,138,140,2,1,ก้อน,001
MG3#2021001#I-2021001-00037#1#1#P3801000300100,MG3#2021001#I-2021001-00037#1#1#P3801000300100,Matix ไฟสัญญาณ,สีส้มและใส AM5062B,1692,I-2021001-00037,2021-02-05,P3801000300100#2021-02-05#I-2021001-00037#1#1,2021001,2021001#P3801000300100#2021-02-05#I-2021001-00037#1#1,SITE,P3801000300100,1,MG3,2021001,150,150,0,1,ตัว,SITE
MG1#2021058#I-2021058-00001#1#1#B1050100300000,MG1#2021058#I-2021058-00001#1#1#B1050100300000,สร้างแล้วลบ,MG1,651,I-2021058-00001,2023-12-13,B1050100300000#2023-12-13#I-2021058-00001#1#1,2021058,2021058#B1050100300000#2023-12-13#I-2021058-00001#1#1,WH001,B1050100300000,1,MG1,2021058,182,200,18,1,ครั้ง,WH001
MG1#2022014#I-2022014-00003#2#1#P3600100900101,MG1#2022014#I-2022014-00003#2#1#P3600100900101,สีย้อมไม้,TOA WoodStain ชนิดด้าน Deckingstain D-01,1294,I-2022014-00003,2022-03-10,P3600100900101#2022-03-10#I-2022014-00003#2#1,2022014,2022014#P3600100900101#2022-03-10#I-2022014-00003#2#1,010,P3600100900101,2,MG1,2022014,197,200,3,1,ถัง,010
MG1#2021093#I-2021093-00602#43#1#P1100100501600,MG1#2021093#I-2021093-00602#43#1#P1100100501600,เหล็กรางน้ำ,150x75x9x12.5 mm.,91,I-2021093-00602,2025-06-25,P1100100501600#2025-06-25#I-2021093-00602#43#1,2021093,2021093#P1100100501600#2025-06-25#I-2021093-00602#43#1,001,P1100100501600,43,MG1,2021093,199,200,1,1,เส้น,001
MG1#2021093#I-2021093-00602#133#1#P1100100705900,MG1#2021093#I-2021093-00602#133#1#P1100100705900,เหล็ก WF,250x175x7x11 mm.9 m./เส้น,91,I-2021093-00602,2025-06-25,P1100100705900#2025-06-25#I-2021093-00602#133#1,2021093,2021093#P1100100705900#2025-06-25#I-2021093-00602#133#1,001,P1100100705900,133,MG1,2021093,199,200,1,1,เส้น,001
MG1#2021093#I-2021093-00602#45#1#P1100100501800,MG1#2021093#I-2021093-00602#45#1#P1100100501800,เหล็กรางน้ำ,180x75x7x10mm.,91,I-2021093-00602,2025-06-25,P1100100501800#2025-06-25#I-2021093-00602#45#1,2021093,2021093#P1100100501800#2025-06-25#I-2021093-00602#45#1,001,P1100100501800,45,MG1,2021093,199,200,1,1,เส้น,001
MG1#2021093#I-2021093-00559#1#1#P2400102702100,MG1#2021093#I-2021093-00559#1#1#P2400102702100,ดอกสว่าน,ดอกสว่านเจาะปูน ขนาด 12 มม.,317,I-2021093-00559,2024-11-11,P2400102702100#2024-11-11#I-2021093-00559#1#1,2021093,2021093#P2400102702100#2024-11-11#I-2021093-00559#1#1,001,P2400102702100,1,MG1,2021093,239,250,11,1,ดอก,001
MG3#2021002#I-2021002-00004#2#1#P2100100800201,MG3#2021002#I-2021002-00004#2#1#P2100100800201,ไม้ระแนง,"""ขนาด 1""""x6""""ยาว 5.00 ม.""",587,I-2021002-00004,2024-02-15,P2100100800201#2024-02-15#I-2021002-00004#2#1,2021002,2021002#P2100100800201#2024-02-15#I-2021002-00004#2#1,SITE,P2100100800201,2,MG3,2021002,250,250,0,1,แผ่น12345,SITE
MG1#2021017#I-2021017-00001#3#1#PB101800100001,MG1#2021017#I-2021017-00001#3#1#PB101800100001,กระดาษกาว,,1373,I-2021017-00001,2021-12-21,PB101800100001#2021-12-21#I-2021017-00001#3#1,2021017,2021017#PB101800100001#2021-12-21#I-2021017-00001#3#1,001,PB101800100001,3,MG1,2021017,290,300,10,1,ม้วน,001
MG1#2021124#I-2021124-00003#1#1#P3450100200000,MG1#2021124#I-2021124-00003#1#1#P3450100200000,วงกบประตูไม้สัก,,846,I-2021124-00003,2023-06-01,P3450100200000#2023-06-01#I-2021124-00003#1#1,2021124,2021124#P3450100200000#2023-06-01#I-2021124-00003#1#1,WH01,P3450100200000,1,MG1,2021124,454,500,46,1,ชุด/set,WH01
MG1#0234304#I-0234304-00001#1#1#10300010200202,MG1#0234304#I-0234304-00001#1#1#10300010200202,ฝ้าแขวน,แบบสี่เหลี่ยม,681,I-0234304-00001,2023-11-13,10300010200202#2023-11-13#I-0234304-00001#1#1,0234304,0234304#10300010200202#2023-11-13#I-0234304-00001#1#1,0001,10300010200202,1,MG1,0234304,933.58,934.58,1,1,แผ่น12345,0001
MG5#2023004#I-2023004-00005#72#1#FGFL0020700002,MG5#2023004#I-2023004-00005#72#1#FGFL0020700002,Armstrong Solid Color Weld Rod,2mm 2x20m@40sqm,744,I-2023004-00005,2023-09-11,FGFL0020700002#2023-09-11#I-2023004-00005#72#1,2023004,2023004#FGFL0020700002#2023-09-11#I-2023004-00005#72#1,WH-FG,FGFL0020700002,72,MG5,2023004,1000,1000,0,1,SQM,WH-FG
MG1#2019002#I-2019002-00019#1#1#P1050100100500,MG1#2019002#I-2019002-00019#1#1#P1050100100500,เหล็กเส้นกลม test,SR 24 RB15mm. ยาว 10.00 m.,700,I-2019002-00019,2023-10-25,P1050100100500#2023-10-25#I-2019002-00019#1#1,2019002,2019002#P1050100100500#2023-10-25#I-2019002-00019#1#1,001,P1050100100500,1,MG1,2019002,1500,1500,0,1,เส้น,001
MG3#2021001#I-2021001-00067#100#1#P3801000300100,MG3#2021001#I-2021001-00067#100#1#P3801000300100,Matix ไฟสัญญาณ,สีส้มและใส AM5062B,357,I-2021001-00067,2024-10-02,P3801000300100#2024-10-02#I-2021001-00067#100#1,2021001,2021001#P3801000300100#2024-10-02#I-2021001-00067#100#1,SITE,P3801000300100,100,MG3,2021001,10000,10000,0,1,ตัว,SITE